Workbook

Sheet PETUNJUK
A1: LAPORAN KEGIATAN
A2: PROGRAM KESEHATAN IBU
A4: Tahun | C4: 2026
A5: Puskesmas | C5: PECANGAAN | D5: *wajib diisi
A6: Kabupaten | C6: JEPARA
F7: PETUNJUK PENGISIAN
A8: No. | B8: PUSKESMAS | C8: Nama Bidan | F8: 1. | G8: Isilah terlebih dahulu Puskesmas Saudara
A9: 1 | B9: Pecangaan Kulon | C9: Atikuswatun Khasanah, Amd.Keb | F9: 2. | G9: Isi nama Desa dan Bidan Desa di wilayah Puskesmas
A10: 2 | B10: Rengging | C10: Laily Jana Zamana | F10: 3. | G10: Pengisian data hanya pada kolom yang kosong
A11: 3 | B11: Troso | C11: Lazwarni Delfitasari | F11: 4. | G11: Kepala Tabel / nama kolom tidak perlu dirubah
A12: 4 | B12: Ngeling | C12: Chusnul Khotimah, Amd.Keb | F12: 5. | G12: Isi Tabel / Data pada Lampiran 1 sampai 8
A13: 5 | B13: Lebuawu | C13: Ari Susilowati, Amd.Keb | F13: 6. | G13: Isi Tabel / Data pada Lampiran 1 sampai 9 (Bagi Puskesmas PONED)
A14: 6 | B14: Pulodarat | C14: Istikharoh, Amd.Keb | F14: 7. | G14: Rekapitulasi akan dihitung secara otomatis
A15: 7 | B15: Karangrandu | C15: Sri Astuti, Amd.Keb | F15: 8. | G15: Untuk Cetak Laporan : Blok area yg akan di Print kemudian set print area
A16: 8 | B16: Kaliombo | C16: Rohanna Kudus, Amd.Keb
A17: 9 | B17: Gemulung | C17: Marlinda Silviani, Amd.Keb
A18: 10 | B18: Pecangaan Wetan | C18: Nurul Laiyah, Amd.Keb
A19: 11 | B19: Krasak | C19: Tri Romandhiyah, Amd.Keb
A20: 12 | B20: Gerdu | C20: Septiyani Solichah, Amd.Keb
A21: 13
A22: 14
A23: 15
A24: 16
A25: 17
A26: 18
A27: 19
A28: 20
A29: 21
A30: 22

Sheet 1.DATA KIA
A1: DATA ANC, PERSALINAN, NIFAS
A3: PUSKESMAS : | C3: =PETUNJUK!C5 -> PECANGAAN
A4: BULAN : | C4: JANUARI
A6: NO | B6: DESA | C6: SASARAN | F6: K 1 | G6: Ibu Hamil dengan 4T | H6: K1 oleh dokter | I6: K1 USG oleh dokter | J6: K 4 | K6: K5 oleh dokter | L6: K5 USG oleh dokter | M6: K 6 | N6: K 8 | O6: ANC standar 12 T | P6: TM 1 Riil | Q6: Status T Bumil | W6: Fe. 1 | X6: Fe. 3 | Y6: Deteksi Risti | AA6: Rujukan Kasus Risti Maternal | AB6: PERSALINAN | AF6: Komplikasi Maternal Ditangani (PK) | AG6: NEONATUS | AH6: VIT.A NIFAS | AI6: Kunjungan Nifas
C7: BUMIL | D7: BULIN | E7: KOMPLIKASI | Q7: TT 1 | R7: TT 2 | S7: TT 3 | T7: TT 4 | U7: TT 5 | V7: T2 + | Y7: Nakes | Z7: Masyarakat | AB7: DITOLONG NAKES | AE7: DI TOLONG NON NAKES | AI7: KF 1 | AJ7: KF 2 | AK7: KF 3 | AL7: KF 4
AB8: PN | AC8: PN Di Fasyankes | AD8: PN Di Non Fasyankes
A9: 1 | B9: =PETUNJUK!B9 -> Pecangaan Kulon | C9: 101.2 | D9: 96.6 | E9: =C9*20% -> 20.24 | F9: 7 | G9: 1 | H9: 7 | I9: 7 | J9: 6 | K9: 7 | L9: 7 | M9: 8 | N9: 10 | O9: 8 | P9: 3 | T9: 5 | U9: 2 | V9: =SUM(R9:U9) -> 7 | W9: =F9 -> 7 | X9: =J9 -> 6 | Y9: 3 | Z9: 2 | AA9: =Y9 -> 3 | AB9: 10 | AC9: =AB9 -> 10 | AF9: ='3.Komplikasi'!AJ7 -> 1 | AG9: =AB9 -> 10 | AH9: =AB9 -> 10 | AI9: =AB9 -> 10 | AJ9: =AB9 -> 10 | AK9: =AB9 -> 10 | AL9: =AB9 -> 10
A10: 2 | B10: =PETUNJUK!B10 -> Rengging | C10: 111.1 | D10: 106.05 | E10: =C10*20% -> 22.22 | F10: 23 | G10: 3 | H10: 22 | I10: 22 | J10: 9 | K10: 9 | L10: 9 | M10: 20 | N10: 18 | O10: 20 | P10: 20 | S10: 9 | T10: 5 | U10: 4 | V10: =SUM(R10:U10) -> 18 | W10: =F10 -> 23 | X10: =J10 -> 9 | Y10: 3 | Z10: 2 | AA10: =Y10 -> 3 | AB10: 14 | AC10: =AB10 -> 14 | AF10: ='3.Komplikasi'!AJ8 -> 2 | AG10: =AB10 -> 14 | AH10: =AB10 -> 14 | AI10: =AB10 -> 14 | AJ10: =AB10 -> 14 | AK10: =AB10 -> 14 | AL10: =AB10 -> 14
A11: 3 | B11: =PETUNJUK!B11 -> Troso | C11: 205.7 | D11: 196.35 | E11: =C11*20% -> 41.14 | F11: 18 | G11: 4 | H11: 18 | I11: 18 | J11: 15 | K11: 20 | L11: 18 | M11: 19 | N11: 20 | O11: 19 | P11: 15 | S11: 12 | T11: 6 | U11: 5 | V11: =SUM(R11:U11) -> 23 | W11: =F11 -> 18 | X11: =J11 -> 15 | Y11: 3 | Z11: 2 | AA11: =Y11 -> 3 | AB11: 17 | AC11: =AB11 -> 17 | AF11: ='3.Komplikasi'!AJ9 -> 4 | AG11: =AB11 -> 17 | AH11: =AB11 -> 17 | AI11: =AB11 -> 17 | AJ11: =AB11 -> 17 | AK11: =AB11 -> 17 | AL11: =AB11 -> 17
A12: 4 | B12: =PETUNJUK!B12 -> Ngeling | C12: 95.7 | D12: 91.35 | E12: =C12*20% -> 19.14 | F12: 7 | G12: 1 | H12: 7 | I12: 7 | J12: 8 | K12: 4 | L12: 4 | M12: 6 | N12: 9 | O12: 6 | P12: 3 | T12: 3 | U12: 4 | V12: =SUM(R12:U12) -> 7 | W12: =F12 -> 7 | X12: =J12 -> 8 | Y12: 2 | Z12: 2 | AA12: =Y12 -> 2 | AB12: 9 | AC12: =AB12 -> 9 | AF12: ='3.Komplikasi'!AJ10 -> 3 | AG12: =AB12 -> 9 | AH12: =AB12 -> 9 | AI12: =AB12 -> 9 | AJ12: =AB12 -> 9 | AK12: =AB12 -> 9 | AL12: =AB12 -> 9
A13: 5 | B13: =PETUNJUK!B13 -> Lebuawu | C13: 85.8 | D13: 81.9 | E13: =C13*20% -> 17.16 | F13: 9 | G13: 2 | H13: 9 | I13: 9 | J13: 7 | K13: 6 | L13: 6 | M13: 6 | N13: 5 | O13: 6 | P13: 4 | T13: 6 | U13: 3 | V13: =SUM(R13:U13) -> 9 | W13: =F13 -> 9 | X13: =J13 -> 7 | Y13: 1 | Z13: 1 | AA13: =Y13 -> 1 | AB13: 7 | AC13: =AB13 -> 7 | AF13: ='3.Komplikasi'!AJ11 -> 0 | AG13: =AB13 -> 7 | AH13: =AB13 -> 7 | AI13: =AB13 -> 7 | AJ13: =AB13 -> 7 | AK13: =AB13 -> 7 | AL13: =AB13 -> 7
A14: 6 | B14: =PETUNJUK!B14 -> Pulodarat | C14: 82.5 | D14: 78.75 | E14: =C14*20% -> 16.5 | F14: 5 | G14: 0 | H14: 5 | I14: 5 | J14: 6 | K14: 6 | L14: 6 | M14: 6 | N14: 5 | O14: 5 | P14: 5 | T14: 3 | U14: 2 | V14: =SUM(R14:U14) -> 5 | W14: =F14 -> 5 | X14: =J14 -> 6 | Y14: 0 | Z14: 0 | AA14: =Y14 -> 0 | AB14: 7 | AC14: =AB14 -> 7 | AF14: ='3.Komplikasi'!AJ12 -> 0 | AG14: =AB14 -> 7 | AH14: =AB14 -> 7 | AI14: =AB14 -> 7 | AJ14: =AB14 -> 7 | AK14: =AB14 -> 7 | AL14: =AB14 -> 7
A15: 7 | B15: =PETUNJUK!B15 -> Karangrandu | C15: 93.5 | D15: 89.25 | E15: =C15*20% -> 18.7 | F15: 7 | G15: 2 | H15: 7 | I15: 7 | J15: 5 | K15: 4 | L15: 4 | M15: 5 | N15: 5 | O15: 5 | P15: 8 | T15: 2 | U15: 5 | V15: =SUM(R15:U15) -> 7 | W15: =F15 -> 7 | X15: =J15 -> 5 | Y15: 3 | Z15: 1 | AA15: =Y15 -> 3 | AB15: 5 | AC15: =AB15 -> 5 | AF15: ='3.Komplikasi'!AJ13 -> 0 | AG15: =AB15 -> 5 | AH15: =AB15 -> 5 | AI15: =AB15 -> 5 | AJ15: =AB15 -> 5 | AK15: =AB15 -> 5 | AL15: =AB15 -> 5
A16: 8 | B16: =PETUNJUK!B16 -> Kaliombo | C16: 46.2 | D16: 44.1 | E16: =C16*20% -> 9.24 | F16: 1 | G16: 1 | H16: 1 | I16: 1 | J16: 1 | K16: 1 | L16: 1 | M16: 1 | N16: 1 | O16: 1 | P16: 2 | T16: 0 | U16: 1 | V16: =SUM(R16:U16) -> 1 | W16: =F16 -> 1 | X16: =J16 -> 1 | Y16: 1 | Z16: 0 | AA16: =Y16 -> 1 | AB16: 1 | AC16: =AB16 -> 1 | AF16: ='3.Komplikasi'!AJ14 -> 0 | AG16: =AB16 -> 1 | AH16: =AB16 -> 1 | AI16: =AB16 -> 1 | AJ16: =AB16 -> 1 | AK16: =AB16 -> 1 | AL16: =AB16 -> 1
A17: 9 | B17: =PETUNJUK!B17 -> Gemulung | C17: 53.9 | D17: 51.45 | E17: =C17*20% -> 10.78 | F17: 4 | G17: 1 | H17: 4 | I17: 4 | J17: 5 | K17: 5 | L17: 5 | M17: 5 | N17: 2 | O17: 5 | P17: 4 | T17: 1 | U17: 3 | V17: =SUM(R17:U17) -> 4 | W17: =F17 -> 4 | X17: =J17 -> 5 | Y17: 0 | Z17: 0 | AA17: =Y17 -> 0 | AB17: 3 | AC17: =AB17 -> 3 | AF17: ='3.Komplikasi'!AJ15 -> 1 | AG17: =AB17 -> 3 | AH17: =AB17 -> 3 | AI17: =AB17 -> 3 | AJ17: =AB17 -> 3 | AK17: =AB17 -> 3 | AL17: =AB17 -> 3
A18: 10 | B18: =PETUNJUK!B18 -> Pecangaan Wetan | C18: 50.6 | D18: 48.3 | E18: =C18*20% -> 10.12 | F18: 4 | G18: 0 | H18: 4 | I18: 4 | J18: 3 | K18: 3 | L18: 3 | M18: 2 | N18: 2 | O18: 2 | P18: 4 | T18: 0 | U18: 4 | V18: =SUM(R18:U18) -> 4 | W18: =F18 -> 4 | X18: =J18 -> 3 | Y18: 1 | Z18: 0 | AA18: =Y18 -> 1 | AB18: 7 | AC18: =AB18 -> 7 | AF18: ='3.Komplikasi'!AJ16 -> 0 | AG18: =AB18 -> 7 | AH18: =AB18 -> 7 | AI18: =AB18 -> 7 | AJ18: =AB18 -> 7 | AK18: =AB18 -> 7 | AL18: =AB18 -> 7
A19: 11 | B19: =PETUNJUK!B19 -> Krasak | C19: 117.7 | D19: 112.35 | E19: =C19*20% -> 23.54 | F19: 15 | G19: 2 | H19: 5 | I19: 5 | J19: 4 | K19: 10 | L19: 10 | M19: 8 | N19: 8 | O19: 10 | P19: 14 | T19: 5 | U19: 10 | V19: =SUM(R19:U19) -> 15 | W19: =F19 -> 15 | X19: =J19 -> 4 | Y19: 1 | Z19: 1 | AA19: =Y19 -> 1 | AB19: 8 | AC19: =AB19 -> 8 | AF19: ='3.Komplikasi'!AJ17 -> 4 | AG19: =AB19 -> 8 | AH19: =AB19 -> 8 | AI19: =AB19 -> 8 | AJ19: =AB19 -> 8 | AK19: =AB19 -> 8 | AL19: =AB19 -> 8
A20: 12 | B20: =PETUNJUK!B20 -> Gerdu | C20: 23.1 | D20: 22.05 | E20: =C20*20% -> 4.62 | F20: 1 | G20: 0 | H20: 1 | I20: 1 | J20: 3 | K20: 3 | L20: 3 | M20: 2 | N20: 0 | O20: 2 | P20: 2 | T20: 0 | U20: 1 | V20: =SUM(R20:U20) -> 1 | W20: =F20 -> 1 | X20: =J20 -> 3 | Y20: 0 | Z20: 0 | AA20: =Y20 -> 0 | AB20: 2 | AC20: =AB20 -> 2 | AF20: ='3.Komplikasi'!AJ18 -> 1 | AG20: =AB20 -> 2 | AH20: =AB20 -> 2 | AI20: =AB20 -> 2 | AJ20: =AB20 -> 2 | AK20: =AB20 -> 2 | AL20: =AB20 -> 2
A21: 13 | B21: =PETUNJUK!B21 -> 0 | E21: =C21*20% -> 0
A22: 14 | B22: =PETUNJUK!B22 -> 0 | E22: =C22*20% -> 0
A23: 15 | B23: =PETUNJUK!B23 -> 0 | E23: =C23*20% -> 0
A24: 16 | B24: =PETUNJUK!B24 -> 0 | E24: =C24*20% -> 0
A25: 17 | B25: =PETUNJUK!B25 -> 0 | E25: =C25*20% -> 0
A26: 18 | B26: =PETUNJUK!B26 -> 0 | E26: =C26*20% -> 0
A27: 19 | B27: =PETUNJUK!B27 -> 0 | E27: =C27*20% -> 0
A28: 20 | B28: =PETUNJUK!B28 -> 0 | E28: =C28*20% -> 0
A29: 21 | B29: =PETUNJUK!B29 -> 0 | E29: =C29*20% -> 0
A30: 22 | B30: =PETUNJUK!B30 -> 0 | E30: =C30*20% -> 0
A31: JUMLAH | C31: =SUM(C9:C30) -> 1067 | D31: =SUM(D9:D30) -> 1018.5 | E31: =20%*C31 -> 213.4 | F31: =SUM(F9:F30) -> 101 | G31: =SUM(G9:G30) -> 17 | H31: =SUM(H9:H30) -> 90 | I31: =SUM(I9:I30) -> 90 | J31: =SUM(J9:J30) -> 72 | K31: =SUM(K9:K30) -> 78 | L31: =SUM(L9:L30) -> 76 | M31: =SUM(M9:M30) -> 88 | ... AL31: =SUM(AL9:AL30) -> 90
A35: DATA ANC, PERSALINAN, NIFAS
A37: PUSKESMAS : | C37: =PETUNJUK!C5 -> PECANGAAN
A38: BULAN : | C38: PEBRUARI
A40: NO | B40: DESA | C40: SASARAN | F40: K 1 | G40: Ibu Hamil dengan 4T | H40: K1 oleh dokter | I40: K1 USG oleh dokter | J40: K 4 | K40: K5 oleh dokter | L40: K5 USG oleh dokter | M40: K 6 | N40: K 8 | O40: ANC standar 12 T | P40: TM 1 Riil | Q40: Status T Bumil | W40: Fe. 1 | X40: Fe. 3 | Y40: Deteksi Risti | AA40: Rujukan Kasus Risti Maternal | AB40: PERSALINAN | AF40: Komplikasi Maternal Ditangani (PK) | AG40: NEONATUS | AH40: VIT.A NIFAS | AI40: Kunjungan Nifas
C41: BUMIL | D41: BULIN | E41: KOMPLIKASI | Q41: TT 1 | R41: TT 2 | S41: TT 3 | T41: TT 4 | U41: TT 5 | V41: T2 + | Y41: Nakes | Z41: Masyarakat | AB41: DITOLONG NAKES | AE41: DI TOLONG NON NAKES | AI41: KF 1 | AJ41: KF 2 | AK41: KF 3 | AL41: KF 4
AB42: PN | AC42: PN Di Fasyankes | AD42: PN Di Non Fasyankes
A43: 1 | B43: =PETUNJUK!B9 -> Pecangaan Kulon | C43: =C9 -> 101.2 | D43: =D9 -> 96.6 | E43: =E9 -> 20.24 | F43: 8 | G43: 0 | H43: 8 | I43: 8 | J43: 7 | K43: 6 | L43: 6 | M43: 8 | N43: 8 | O43: 8 | P43: 5 | T43: 5 | U43: 3 | V43: =SUM(R43:U43) -> 8 | W43: =F43 -> 8 | X43: =J43 -> 7 | Y43: 3 | Z43: 1 | AA43: =Y43 -> 3 | AB43: 7 | AC43: =AB43 -> 7 | AF43: ='3.Komplikasi'!AJ42 -> 4 | AG43: =AB43 -> 7 | AH43: =AB43 -> 7 | AI43: =AB43 -> 7 | AJ43: =AB43 -> 7 | AK43: =AB43 -> 7 | AL43: =AB43 -> 7
A44: 2 | B44: =PETUNJUK!B10 -> Rengging | C44: =C10 -> 111.1 | D44: =D10 -> 106.05 | E44: =E10 -> 22.22 | F44: 6 | G44: 2 | H44: 6 | I44: 6 | J44: 4 | K44: 6 | L44: 6 | M44: 6 | N44: 3 | O44: 6 | P44: 5 | S44: 4 | T44: 1 | U44: 1 | V44: =SUM(R44:U44) -> 6 | W44: =F44 -> 6 | X44: =J44 -> 4 | Y44: 2 | Z44: 1 | AA44: =Y44 -> 2 | AB44: 4 | AC44: =AB44 -> 4 | AF44: ='3.Komplikasi'!AJ43 -> 0 | AG44: =AB44 -> 4 | AH44: =AB44 -> 4 | AI44: =AB44 -> 4 | AJ44: =AB44 -> 4 | AK44: =AB44 -> 4 | AL44: =AB44 -> 4
A45: 3 | B45: =PETUNJUK!B11 -> Troso | C45: =C11 -> 205.7 | D45: =D11 -> 196.35 | E45: =E11 -> 41.14 | F45: 17 | G45: 2 | H45: 17 | I45: 17 | J45: 13 | K45: 18 | L45: 18 | M45: 20 | N45: 20 | O45: 20 | P45: 16 | S45: 6 | T45: 8 | U45: 3 | V45: =SUM(R45:U45) -> 17 | W45: =F45 -> 17 | X45: =J45 -> 13 | Y45: 4 | Z45: 5 | AA45: =Y45 -> 4 | AB45: 17 | AC45: =AB45 -> 17 | AF45: ='3.Komplikasi'!AJ44 -> 2 | AG45: =AB45 -> 17 | AH45: =AB45 -> 17 | AI45: =AB45 -> 17 | AJ45: =AB45 -> 17 | AK45: =AB45 -> 17 | AL45: =AB45 -> 17
A46: 4 | B46: =PETUNJUK!B12 -> Ngeling | C46: =C12 -> 95.7 | D46: =D12 -> 91.35 | E46: =E12 -> 19.14 | F46: 4 | G46: 0 | H46: 9 | I46: 9 | J46: 6 | K46: 8 | L46: 8 | M46: 5 | N46: 6 | O46: 5 | P46: 2 | T46: 2 | U46: 2 | V46: =SUM(R46:U46) -> 4 | W46: =F46 -> 4 | X46: =J46 -> 6 | Y46: 3 | Z46: 3 | AA46: =Y46 -> 3 | AB46: 7 | AC46: =AB46 -> 7 | AF46: ='3.Komplikasi'!AJ45 -> 3 | AG46: =AB46 -> 7 | AH46: =AB46 -> 7 | AI46: =AB46 -> 7 | AJ46: =AB46 -> 7 | AK46: =AB46 -> 7 | AL46: =AB46 -> 7
A47: 5 | B47: =PETUNJUK!B13 -> Lebuawu | C47: =C13 -> 85.8 | D47: =D13 -> 81.9 | E47: =E13 -> 17.16 | F47: 11 | G47: 0 | H47: 11 | I47: 11 | J47: 5 | K47: 4 | L47: 4 | M47: 4 | N47: 4 | O47: 4 | P47: 9 | T47: 1 | U47: 10 | V47: =SUM(R47:U47) -> 11 | W47: =F47 -> 11 | X47: =J47 -> 5 | Y47: 2 | Z47: 2 | AA47: =Y47 -> 2 | AB47: 4 | AC47: =AB47 -> 4 | AF47: ='3.Komplikasi'!AJ46 -> 0 | AG47: =AB47 -> 4 | AH47: =AB47 -> 4 | AI47: =AB47 -> 4 | AJ47: =AB47 -> 4 | AK47: =AB47 -> 4 | AL47: =AB47 -> 4
A48: 6 | B48: =PETUNJUK!B14 -> Pulodarat | C48: =C14 -> 82.5 | D48: =D14 -> 78.75 | E48: =E14 -> 16.5 | F48: 4 | G48: 0 | H48: 4 | I48: 4 | J48: 5 | K48: 5 | L48: 5 | M48: 5 | N48: 5 | O48: 5 | P48: 4 | T48: 3 | U48: 1 | V48: =SUM(R48:U48) -> 4 | W48: =F48 -> 4 | X48: =J48 -> 5 | Y48: 0 | Z48: 0 | AA48: =Y48 -> 0 | AB48: 4 | AC48: =AB48 -> 4 | AF48: ='3.Komplikasi'!AJ47 -> 2 | AG48: =AB48 -> 4 | AH48: =AB48 -> 4 | AI48: =AB48 -> 4 | AJ48: =AB48 -> 4 | AK48: =AB48 -> 4 | AL48: =AB48 -> 4
A49: 7 | B49: =PETUNJUK!B15 -> Karangrandu | C49: =C15 -> 93.5 | D49: =D15 -> 89.25 | E49: =E15 -> 18.7 | F49: 8 | G49: 0 | H49: 8 | I49: 8 | J49: 8 | K49: 8 | L49: 8 | M49: 7 | N49: 4 | O49: 4 | P49: 9 | T49: 3 | U49: 5 | V49: =SUM(R49:U49) -> 8 | W49: =F49 -> 8 | X49: =J49 -> 8 | Y49: 2 | Z49: 1 | AA49: =Y49 -> 2 | AB49: 5 | AC49: =AB49 -> 5 | AF49: ='3.Komplikasi'!AJ48 -> 2 | AG49: 4 | AH49: =AB49 -> 5 | AI49: =AB49 -> 5 | AJ49: =AB49 -> 5 | AK49: =AB49 -> 5 | AL49: =AB49 -> 5
A50: 8 | B50: =PETUNJUK!B16 -> Kaliombo | C50: =C16 -> 46.2 | D50: =D16 -> 44.1 | E50: =E16 -> 9.24 | F50: 5 | G50: 1 | H50: 5 | I50: 5 | J50: 5 | K50: 5 | L50: 5 | M50: 5 | N50: 5 | O50: 5 | P50: 5 | T50: 0 | U50: 5 | V50: =SUM(R50:U50) -> 5 | W50: =F50 -> 5 | X50: =J50 -> 5 | Y50: 1 | Z50: 0 | AA50: =Y50 -> 1 | AB50: 5 | AC50: =AB50 -> 5 | AF50: ='3.Komplikasi'!AJ49 -> 3 | AG50: =AB50 -> 5 | AH50: =AB50 -> 5 | AI50: =AB50 -> 5 | AJ50: =AB50 -> 5 | AK50: =AB50 -> 5 | AL50: =AB50 -> 5
A51: 9 | B51: =PETUNJUK!B17 -> Gemulung | C51: =C17 -> 53.9 | D51: =D17 -> 51.45 | E51: =E17 -> 10.78 | F51: 5 | G51: 0 | H51: 5 | I51: 5 | J51: 4 | K51: 5 | L51: 5 | M51: 5 | N51: 3 | O51: 5 | P51: 6 | T51: 3 | U51: 2 | V51: =SUM(R51:U51) -> 5 | W51: =F51 -> 5 | X51: =J51 -> 4 | Y51: 0 | Z51: 0 | AA51: =Y51 -> 0 | AB51: 5 | AC51: =AB51 -> 5 | AF51: ='3.Komplikasi'!AJ50 -> 1 | AG51: =AB51 -> 5 | AH51: =AB51 -> 5 | AI51: =AB51 -> 5 | AJ51: =AB51 -> 5 | AK51: =AB51 -> 5 | AL51: =AB51 -> 5
A52: 6 | B52: =PETUNJUK!B18 -> Pecangaan Wetan | C52: =C18 -> 50.6 | D52: =D18 -> 48.3 | E52: =E18 -> 10.12 | F52: 6 | G52: 0 | H52: 6 | I52: 6 | J52: 4 | K52: 3 | L52: 3 | M52: 3 | N52: 3 | O52: 3 | P52: 13 | T52: 2 | U52: 4 | V52: =SUM(R52:U52) -> 6 | W52: =F52 -> 6 | X52: =J52 -> 4 | Y52: 1 | Z52: 0 | AA52: =Y52 -> 1 | AB52: 3 | AC52: =AB52 -> 3 | AF52: ='3.Komplikasi'!AJ51 -> 1 | AG52: =AB52 -> 3 | AH52: =AB52 -> 3 | AI52: =AB52 -> 3 | AJ52: =AB52 -> 3 | AK52: =AB52 -> 3 | AL52: =AB52 -> 3
A53: 11 | B53: =PETUNJUK!B19 -> Krasak | C53: =C19 -> 117.7 | D53: =D19 -> 112.35 | E53: =E19 -> 23.54 | F53: 10 | G53: 1 | H53: 10 | I53: 10 | J53: 7 | K53: 4 | L53: 4 | M53: 10 | N53: 7 | O53: 10 | P53: 2 | T53: 7 | U53: 3 | V53: =SUM(R53:U53) -> 10 | W53: =F53 -> 10 | X53: =J53 -> 7 | Y53: 1 | Z53: 1 | AA53: =Y53 -> 1 | AB53: 6 | AC53: =AB53 -> 6 | AF53: ='3.Komplikasi'!AJ52 -> 1 | AG53: =AB53 -> 6 | AH53: =AB53 -> 6 | AI53: =AB53 -> 6 | AJ53: =AB53 -> 6 | AK53: =AB53 -> 6 | AL53: =AB53 -> 6
A54: 12 | B54: =PETUNJUK!B20 -> Gerdu | C54: =C20 -> 23.1 | D54: =D20 -> 22.05 | E54: =E20 -> 4.62 | F54: 1 | G54: 1 | H54: 1 | I54: 1 | J54: 2 | K54: 3 | L54: 3 | M54: 1 | N54: 1 | O54: 1 | T54: 0 | U54: 1 | V54: =SUM(R54:U54) -> 1 | W54: =F54 -> 1 | X54: =J54 -> 2 | Y54: 0 | Z54: 1 | AA54: =Y54 -> 0 | AB54: 1 | AC54: =AB54 -> 1 | AF54: ='3.Komplikasi'!AJ53 -> 0 | AG54: =AB54 -> 1 | AH54: =AB54 -> 1 | AI54: =AB54 -> 1 | AJ54: =AB54 -> 1 | AK54: =AB54 -> 1 | AL54: =AB54 -> 1
A55: 13 | B55: =PETUNJUK!B21 -> 0 | C55: =C21 -> 0 | D55: =D21 -> 0 | E55: =E21 -> 0
A56: 14 | B56: =PETUNJUK!B22 -> 0 | C56: =C22 -> 0 | D56: =D22 -> 0 | E56: =E22 -> 0
A57: 15 | B57: =PETUNJUK!B23 -> 0 | C57: =C23 -> 0 | D57: =D23 -> 0 | E57: =E23 -> 0
A58: 16 | B58: =PETUNJUK!B24 -> 0 | C58: =C24 -> 0 | D58: =D24 -> 0 | E58: =E24 -> 0
A59: 17 | B59: =PETUNJUK!B25 -> 0 | C59: =C25 -> 0 | D59: =D25 -> 0 | E59: =E25 -> 0
A60: 18 | B60: =PETUNJUK!B26 -> 0 | C60: =C26 -> 0 | D60: =D26 -> 0 | E60: =E26 -> 0
A61: 19 | B61: =PETUNJUK!B27 -> 0 | C61: =C27 -> 0 | D61: =D27 -> 0 | E61: =E27 -> 0
A62: 20 | B62: =PETUNJUK!B28 -> 0 | C62: =C28 -> 0 | D62: =D28 -> 0 | E62: =E28 -> 0
A63: 21 | B63: =PETUNJUK!B29 -> 0 | C63: =C29 -> 0 | D63: =D29 -> 0 | E63: =E29 -> 0
A64: 22 | B64: =PETUNJUK!B30 -> 0 | C64: =C30 -> 0 | D64: =D30 -> 0 | E64: =E30 -> 0
A65: JUMLAH | C65: =SUM(C43:C64) -> 1067 | D65: =SUM(D43:D64) -> 1018.5 | E65: =SUM(E43:E64) -> 213.4 | F65: =SUM(F43:F64) -> 85 | G65: =SUM(G43:G64) -> 7 | H65: =SUM(H43:H64) -> 90 | I65: =SUM(I43:I64) -> 90 | J65: =SUM(J43:J64) -> 70 | ... AL65: =SUM(AL43:AL64) -> 68
A69: DATA ANC, PERSALINAN, NIFAS
A71: PUSKESMAS : | C71: =PETUNJUK!C5 -> PECANGAAN
A72: BULAN : | C72: MARET
A74: NO | B74: DESA | C74: SASARAN | F74: K 1 | G74: Ibu Hamil dengan 4T | H74: K1 oleh dokter | I74: K1 USG oleh dokter | J74: K 4 | K74: K5 oleh dokter | L74: K5 USG oleh dokter | M74: K 6 | N74: K 8 | O74: ANC standar 12 T | P74: TM 1 Riil | Q74: Status T Bumil | W74: Fe. 1 | X74: Fe. 3 | Y74: Deteksi Risti | AA74: Rujukan Kasus Risti Maternal | AB74: PERSALINAN | AF74: Komplikasi Maternal Ditangani (PK) | AG74: NEONATUS | AH74: VIT.A NIFAS | AI74: Kunjungan Nifas
C75: BUMIL | D75: BULIN | E75: KOMPLIKASI | Q75: TT 1 | R75: TT 2 | S75: TT 3 | T75: TT 4 | U75: TT 5 | V75: T2 + | Y75: Nakes | Z75: Masyarakat | AB75: DITOLONG NAKES | AE75: DI TOLONG NON NAKES | AI75: KF 1 | AJ75: KF 2 | AK75: KF 3 | AL75: KF 4
AB76: PN | AC76: PN Di Fasyankes | AD76: PN Di Non Fasyankes
A77: 1 | B77: =PETUNJUK!B9 -> Pecangaan Kulon | C77: =C43 -> 101.2 | D77: =D43 -> 96.6 | E77: =E43 -> 20.24 | F77: 7 | G77: 0 | H77: 7 | I77: 7 | J77: 8 | K77: 7 | L77: 7 | M77: 6 | N77: 6 | O77: 6 | P77: 3 | T77: 3 | U77: 4 | V77: =SUM(R77:U77) -> 7 | W77: =F77 -> 7 | X77: =J77 -> 8 | Y77: 2 | Z77: 2 | AA77: =Y77 -> 2 | AB77: 6 | AC77: =AB77 -> 6 | AF77: ='3.Komplikasi'!AJ76 -> 1 | AG77: =AB77 -> 6 | AH77: =AB77 -> 6 | AI77: =AB77 -> 6 | AJ77: =AB77 -> 6 | AK77: =AB77 -> 6 | AL77: =AB77 -> 6
A78: 2 | B78: =PETUNJUK!B10 -> Rengging | C78: =C44 -> 111.1 | D78: =D44 -> 106.05 | E78: =E44 -> 22.22 | F78: 6 | G78: 1 | H78: 6 | I78: 6 | J78: 3 | K78: 3 | L78: 3 | M78: 2 | N78: 5 | O78: 7 | P78: 5 | T78: 4 | U78: 2 | V78: =SUM(R78:U78) -> 6 | W78: =F78 -> 6 | X78: =J78 -> 3 | Y78: 2 | Z78: 1 | AA78: =Y78 -> 2 | AB78: 7 | AC78: =AB78 -> 7 | AF78: ='3.Komplikasi'!AJ77 -> 1 | AG78: 8 | AH78: =AB78 -> 7 | AI78: =AB78 -> 7 | AJ78: =AB78 -> 7 | AK78: =AB78 -> 7 | AL78: =AB78 -> 7
A79: 3 | B79: =PETUNJUK!B11 -> Troso | C79: =C45 -> 205.7 | D79: =D45 -> 196.35 | E79: =E45 -> 41.14 | F79: 17 | G79: 4 | H79: 17 | I79: 17 | J79: 17 | K79: 20 | L79: 20 | M79: 18 | N79: 19 | O79: 19 | P79: 14 | T79: 6 | U79: 11 | V79: =SUM(R79:U79) -> 17 | W79: =F79 -> 17 | X79: =J79 -> 17 | Y79: 6 | Z79: 4 | AA79: =Y79 -> 6 | AB79: 12 | AC79: =AB79 -> 12 | AF79: ='3.Komplikasi'!AJ78 -> 2 | AG79: =AB79 -> 12 | AH79: =AB79 -> 12 | AI79: =AB79 -> 12 | AJ79: =AB79 -> 12 | AK79: =AB79 -> 12 | AL79: =AB79 -> 12
A80: 4 | B80: =PETUNJUK!B12 -> Ngeling | C80: =C46 -> 95.7 | D80: =D46 -> 91.35 | E80: =E46 -> 19.14 | F80: 10 | G80: 0 | H80: 10 | I80: 10 | J80: 7 | K80: 6 | L80: 6 | M80: 7 | N80: 5 | O80: 7 | P80: 2 | T80: 2 | U80: 8 | V80: =SUM(R80:U80) -> 10 | W80: =F80 -> 10 | X80: =J80 -> 7 | Y80: 1 | Z80: 0 | AA80: =Y80 -> 1 | AB80: 1 | AC80: =AB80 -> 1 | AF80: ='3.Komplikasi'!AJ79 -> 0 | AG80: =AB80 -> 1 | AH80: =AB80 -> 1 | AI80: =AB80 -> 1 | AJ80: =AB80 -> 1 | AK80: =AB80 -> 1 | AL80: =AB80 -> 1
A81: 5 | B81: =PETUNJUK!B13 -> Lebuawu | C81: =C47 -> 85.8 | D81: =D47 -> 81.9 | E81: =E47 -> 17.16 | F81: 5 | G81: 0 | H81: 6 | I81: 6 | J81: 6 | K81: 5 | L81: 5 | M81: 4 | N81: 4 | O81: 4 | P81: 7 | T81: 0 | U81: 6 | V81: =SUM(R81:U81) -> 6 | W81: =F81 -> 5 | X81: =J81 -> 6 | Y81: 0 | Z81: 0 | AA81: =Y81 -> 0 | AB81: 4 | AC81: =AB81 -> 4 | AF81: ='3.Komplikasi'!AJ80 -> 0 | AG81: =AB81 -> 4 | AH81: =AB81 -> 4 | AI81: =AB81 -> 4 | AJ81: =AB81 -> 4 | AK81: =AB81 -> 4 | AL81: =AB81 -> 4
A82: 6 | B82: =PETUNJUK!B14 -> Pulodarat | C82: =C48 -> 82.5 | D82: =D48 -> 78.75 | E82: =E48 -> 16.5 | F82: 5 | G82: 1 | H82: 5 | I82: 5 | J82: 4 | K82: 4 | L82: 4 | M82: 3 | N82: 4 | O82: 5 | P82: 4 | T82: 3 | U82: 2 | V82: =SUM(R82:U82) -> 5 | W82: =F82 -> 5 | X82: =J82 -> 4 | Y82: 1 | Z82: 1 | AA82: =Y82 -> 1 | AB82: 2 | AC82: =AB82 -> 2 | AF82: ='3.Komplikasi'!AJ81 -> 1 | AG82: =AB82 -> 2 | AH82: =AB82 -> 2 | AI82: =AB82 -> 2 | AJ82: =AB82 -> 2 | AK82: =AB82 -> 2 | AL82: =AB82 -> 2
A83: 7 | B83: =PETUNJUK!B15 -> Karangrandu | C83: =C49 -> 93.5 | D83: =D49 -> 89.25 | E83: =E49 -> 18.7 | F83: 7 | G83: 2 | H83: 7 | I83: 7 | J83: 5 | K83: 8 | L83: 8 | M83: 7 | N83: 8 | O83: 8 | P83: 8 | T83: 5 | U83: 2 | V83: =SUM(R83:U83) -> 7 | W83: =F83 -> 7 | X83: =J83 -> 5 | Y83: 3 | Z83: 2 | AA83: =Y83 -> 3 | AB83: 9 | AC83: =AB83 -> 9 | AF83: ='3.Komplikasi'!AJ82 -> 1 | AG83: =AB83 -> 9 | AH83: =AB83 -> 9 | AI83: =AB83 -> 9 | AJ83: =AB83 -> 9 | AK83: =AB83 -> 9 | AL83: =AB83 -> 9
A84: 8 | B84: =PETUNJUK!B16 -> Kaliombo | C84: =C50 -> 46.2 | D84: =D50 -> 44.1 | E84: =E50 -> 9.24 | F84: 2 | G84: 1 | H84: 2 | I84: 2 | J84: 2 | K84: 2 | L84: 2 | M84: 2 | N84: 2 | O84: 2 | P84: 2 | T84: 0 | U84: 2 | V84: =SUM(R84:U84) -> 2 | W84: =F84 -> 2 | X84: =J84 -> 2 | Y84: 2 | Z84: 2 | AA84: =Y84 -> 2 | AB84: 2 | AC84: =AB84 -> 2 | AF84: ='3.Komplikasi'!AJ83 -> 1 | AG84: =AB84 -> 2 | AH84: =AB84 -> 2 | AI84: =AB84 -> 2 | AJ84: =AB84 -> 2 | AK84: =AB84 -> 2 | AL84: =AB84 -> 2
B85: =PETUNJUK!B17 -> Gemulung | C85: =C51 -> 53.9 | D85: =D51 -> 51.45 | E85: =E51 -> 10.78 | F85: 5 | G85: 0 | H85: 3 | I85: 3 | J85: 5 | K85: 4 | L85: 4 | M85: 5 | N85: 4 | O85: 4 | P85: 3 | T85: 2 | U85: 3 | V85: =SUM(R85:U85) -> 5 | W85: =F85 -> 5 | X85: =J85 -> 5 | Y85: 0 | Z85: 0 | AA85: =Y85 -> 0 | AB85: 8 | AC85: =AB85 -> 8 | AF85: ='3.Komplikasi'!AJ84 -> 4 | AG85: =AB85 -> 8 | AH85: =AB85 -> 8 | AI85: =AB85 -> 8 | AJ85: =AB85 -> 8 | AK85: =AB85 -> 8 | AL85: =AB85 -> 8
A86: 6 | B86: =PETUNJUK!B18 -> Pecangaan Wetan | C86: =C52 -> 50.6 | D86: =D52 -> 48.3 | E86: =E52 -> 10.12 | F86: 2 | G86: 0 | H86: 2 | I86: 2 | J86: 3 | K86: 3 | L86: 3 | M86: 3 | N86: 3 | O86: 3 | P86: 1 | T86: 1 | U86: 1 | V86: =SUM(R86:U86) -> 2 | W86: =F86 -> 2 | X86: =J86 -> 3 | Y86: 1 | Z86: 0 | AA86: =Y86 -> 1 | AB86: 1 | AC86: =AB86 -> 1 | AF86: ='3.Komplikasi'!AJ85 -> 0 | AG86: =AB86 -> 1 | AH86: =AB86 -> 1 | AI86: =AB86 -> 1 | AJ86: =AB86 -> 1 | AK86: =AB86 -> 1 | AL86: =AB86 -> 1
A87: 11 | B87: =PETUNJUK!B19 -> Krasak | C87: =C53 -> 117.7 | D87: =D53 -> 112.35 | E87: =E53 -> 23.54 | F87: 9 | G87: 0 | H87: 9 | I87: 9 | J87: 5 | K87: 7 | L87: 7 | M87: 4 | N87: 8 | O87: 6 | P87: 11 | T87: 1 | U87: 6 | V87: =SUM(R87:U87) -> 7 | W87: =F87 -> 9 | X87: =J87 -> 5 | Y87: 1 | Z87: 1 | AA87: =Y87 -> 1 | AB87: 6 | AC87: =AB87 -> 6 | AF87: ='3.Komplikasi'!AJ86 -> 0 | AG87: =AB87 -> 6 | AH87: =AB87 -> 6 | AI87: =AB87 -> 6 | AJ87: =AB87 -> 6 | AK87: =AB87 -> 6 | AL87: =AB87 -> 6
A88: 12 | B88: =PETUNJUK!B20 -> Gerdu | C88: =C54 -> 23.1 | D88: =D54 -> 22.05 | E88: =E54 -> 4.62 | F88: 3 | G88: 1 | H88: 3 | I88: 3 | J88: 0 | K88: 2 | L88: 2 | M88: 3 | N88: 1 | O88: 3 | P88: 3 | T88: 1 | U88: 2 | V88: =SUM(R88:U88) -> 3 | W88: =F88 -> 3 | X88: =J88 -> 0 | Y88: 2 | Z88: 0 | AA88: =Y88 -> 2 | AB88: 0 | AC88: =AB88 -> 0 | AF88: ='3.Komplikasi'!AJ87 -> 0 | AG88: =AB88 -> 0 | AH88: =AB88 -> 0 | AI88: =AB88 -> 0 | AJ88: =AB88 -> 0 | AK88: =AB88 -> 0 | AL88: =AB88 -> 0
A89: 13 | B89: =PETUNJUK!B21 -> 0 | C89: =C55 -> 0 | D89: =D55 -> 0 | E89: =E55 -> 0
A90: 14 | B90: =PETUNJUK!B22 -> 0 | C90: =C56 -> 0 | D90: =D56 -> 0 | E90: =E56 -> 0
A91: 15 | B91: =PETUNJUK!B23 -> 0 | C91: =C57 -> 0 | D91: =D57 -> 0 | E91: =E57 -> 0
A92: 16 | B92: =PETUNJUK!B24 -> 0 | C92: =C58 -> 0 | D92: =D58 -> 0 | E92: =E58 -> 0
A93: 17 | B93: =PETUNJUK!B25 -> 0 | C93: =C59 -> 0 | D93: =D59 -> 0 | E93: =E59 -> 0
A94: 18 | B94: =PETUNJUK!B26 -> 0 | C94: =C60 -> 0 | D94: =D60 -> 0 | E94: =E60 -> 0
A95: 19 | B95: =PETUNJUK!B27 -> 0 | C95: =C61 -> 0 | D95: =D61 -> 0 | E95: =E61 -> 0
A96: 20 | B96: =PETUNJUK!B28 -> 0 | C96: =C62 -> 0 | D96: =D62 -> 0 | E96: =E62 -> 0
A97: 21 | B97: =PETUNJUK!B29 -> 0 | C97: =C63 -> 0 | D97: =D63 -> 0 | E97: =E63 -> 0
A98: 22 | B98: =PETUNJUK!B30 -> 0 | C98: =C64 -> 0 | D98: =D64 -> 0 | E98: =E64 -> 0
A99: JUMLAH | C99: =SUM(C77:C98) -> 1067 | D99: =SUM(D77:D98) -> 1018.5 | E99: =SUM(E77:E98) -> 213.4 | F99: =SUM(F77:F98) -> 78 | G99: =SUM(G77:G98) -> 10 | H99: =SUM(H77:H98) -> 77 | I99: =SUM(I77:I98) -> 77 | J99: =SUM(J77:J98) -> 65 | ... M99: =SUM(M77:M98) -> 64 | P99: =SUM(P77:P98) -> 63 | Q99: =SUM(Q77:Q98) -> 0 | R99: =SUM(R77:R98) -> 0 | S99: =SUM(S77:S98) -> 0 | T99: =SUM(T77:T98) -> 28 | U99: =SUM(U77:U98) -> 49 | V99: =SUM(V77:V98) -> 77 | W99: =SUM(W77:W98) -> 78 | ... AL99: =SUM(AL77:AL98) -> 58
A103: DATA ANC, PERSALINAN, NIFAS
A105: PUSKESMAS : | C105: =PETUNJUK!C5 -> PECANGAAN
A106: BULAN : | C106: APRIL
A108: NO | B108: DESA | C108: SASARAN | F108: K 1 | G108: Ibu Hamil dengan 4T | H108: K1 oleh dokter | I108: K1 USG oleh dokter | J108: K 4 | K108: K5 oleh dokter | L108: K5 USG oleh dokter | M108: K 6 | N108: K 8 | O108: ANC standar 12 T | P108: TM 1 Riil | Q108: Status T Bumil | W108: Fe. 1 | X108: Fe. 3 | Y108: Deteksi Risti | AA108: Rujukan Kasus Risti Maternal | AB108: PERSALINAN | AF108: Komplikasi Maternal Ditangani (PK) | AG108: NEONATUS | AH108: VIT.A NIFAS | AI108: Kunjungan Nifas
C109: BUMIL | D109: BULIN | E109: KOMPLIKASI | Q109: TT 1 | R109: TT 2 | S109: TT 3 | T109: TT 4 | U109: TT 5 | V109: T2 + | Y109: Nakes | Z109: Masyarakat | AB109: DITOLONG NAKES | AE109: DI TOLONG NON NAKES | AI109: KF 1 | AJ109: KF 2 | AK109: KF 3 | AL109: KF 4
AB110: PN | AC110: PN Di Fasyankes | AD110: PN Di Non Fasyankes
A111: 1 | B111: =PETUNJUK!B9 -> Pecangaan Kulon | C111: =C77 -> 101.2 | D111: =D77 -> 96.6 | E111: =E77 -> 20.24 | F111: 8 | G111: 1 | H111: 8 | I111: 8 | J111: 7 | K111: 8 | L111: 8 | M111: 7 | N111: 7 | O111: 7 | P111: 5 | T111: 5 | U111: 3 | V111: =SUM(R111:U111) -> 8 | W111: =F111 -> 8 | X111: =J111 -> 7 | Y111: 2 | Z111: 1 | AA111: =Y111 -> 2 | AB111: 6 | AC111: =AB111 -> 6 | AF111: ='3.Komplikasi'!AJ111 -> 4 | AG111: =AB111 -> 6 | AH111: =AB111 -> 6 | AI111: =AB111 -> 6 | AJ111: =AB111 -> 6 | AK111: =AB111 -> 6 | AL111: =AB111 -> 6
A112: 2 | B112: =PETUNJUK!B10 -> Rengging | C112: =C78 -> 111.1 | D112: =D78 -> 106.05 | E112: =E78 -> 22.22 | F112: 19 | G112: 1 | H112: 19 | I112: 19 | J112: 5 | K112: 5 | L112: 5 | M112: 4 | N112: 3 | O112: 19 | P112: 16 | T112: 14 | U112: 5 | V112: =SUM(R112:U112) -> 19 | W112: =F112 -> 19 | X112: =J112 -> 5 | Y112: 1 | Z112: 1 | AA112: =Y112 -> 1 | AB112: 9 | AC112: =AB112 -> 9 | AF112: ='3.Komplikasi'!AJ112 -> 1 | AG112: =AB112 -> 9 | AH112: =AB112 -> 9 | AI112: =AB112 -> 9 | AJ112: =AB112 -> 9 | AK112: =AB112 -> 9 | AL112: =AB112 -> 9
A113: 3 | B113: =PETUNJUK!B11 -> Troso | C113: =C79 -> 205.7 | D113: =D79 -> 196.35 | E113: =E79 -> 41.14 | F113: 26 | G113: 1 | H113: 26 | I113: 26 | J113: 19 | K113: 21 | L113: 21 | M113: 21 | N113: 20 | O113: 21 | P113: 24 | T113: 14 | U113: 12 | V113: =SUM(R113:U113) -> 26 | W113: =F113 -> 26 | X113: =J113 -> 19 | Y113: 10 | Z113: 0 | AA113: =Y113 -> 10 | AB113: 14 | AC113: =AB113 -> 14 | AF113: ='3.Komplikasi'!AJ113 -> 5 | AG113: =AB113 -> 14 | AH113: =AB113 -> 14 | AI113: =AB113 -> 14 | AJ113: =AB113 -> 14 | AK113: =AB113 -> 14 | AL113: =AB113 -> 14
A114: 4 | B114: =PETUNJUK!B12 -> Ngeling | C114: =C80 -> 95.7 | D114: =D80 -> 91.35 | E114: =E80 -> 19.14 | F114: 9 | G114: 0 | H114: 9 | I114: 9 | J114: 7 | K114: 5 | L114: 5 | M114: 8 | N114: 10 | O114: 8 | P114: 1 | T114: 2 | U114: 7 | V114: =SUM(R114:U114) -> 9 | W114: =F114 -> 9 | X114: =J114 -> 7 | Y114: 1 | Z114: 0 | AA114: =Y114 -> 1 | AB114: 11 | AC114: =AB114 -> 11 | AF114: ='3.Komplikasi'!AJ114 -> 4 | AG114: 11 | AH114: =AB114 -> 11 | AI114: =AB114 -> 11 | AJ114: =AB114 -> 11 | AK114: =AB114 -> 11 | AL114: =AB114 -> 11
A115: 5 | B115: =PETUNJUK!B13 -> Lebuawu | C115: =C81 -> 85.8 | D115: =D81 -> 81.9 | E115: =E81 -> 17.16 | F115: 8 | G115: 0 | H115: 8 | I115: 8 | J115: 7 | K115: 6 | L115: 6 | M115: 5 | N115: 5 | O115: 5 | P115: 10 | T115: 0 | U115: 8 | V115: =SUM(R115:U115) -> 8 | W115: =F115 -> 8 | X115: =J115 -> 7 | Y115: 2 | Z115: 0 | AA115: =Y115 -> 2 | AB115: 8 | AC115: =AB115 -> 8 | AF115: ='3.Komplikasi'!AJ115 -> 1 | AG115: =AB115 -> 8 | AH115: =AB115 -> 8 | AI115: =AB115 -> 8 | AJ115: =AB115 -> 8 | AK115: =AB115 -> 8 | AL115: =AB115 -> 8
A116: 6 | B116: =PETUNJUK!B14 -> Pulodarat | C116: =C82 -> 82.5 | D116: =D82 -> 78.75 | E116: =E82 -> 16.5 | F116: 4 | G116: 1 | H116: 4 | I116: 4 | J116: 4 | K116: 4 | L116: 4 | M116: 5 | N116: 4 | O116: 4 | P116: 4 | T116: 3 | U116: 1 | V116: =SUM(R116:U116) -> 4 | W116: =F116 -> 4 | X116: =J116 -> 4 | Y116: 3 | Z116: 1 | AA116: =Y116 -> 3 | AB116: 4 | AC116: =AB116 -> 4 | AF116: ='3.Komplikasi'!AJ116 -> 1 | AG116: =AB116 -> 4 | AH116: =AB116 -> 4 | AI116: =AB116 -> 4 | AJ116: =AB116 -> 4 | AK116: =AB116 -> 4 | AL116: =AB116 -> 4
A117: 7 | B117: =PETUNJUK!B15 -> Karangrandu | C117: =C83 -> 93.5 | D117: =D83 -> 89.25 | E117: =E83 -> 18.7 | F117: 9 | G117: 2 | H117: 8 | I117: 8 | J117: 6 | K117: 6 | L117: 6 | M117: 8 | N117: 7 | O117: 8 | P117: 10 | T117: 1 | U117: 8 | V117: =SUM(R117:U117) -> 9 | W117: =F117 -> 9 | X117: =J117 -> 6 | Y117: 6 | Z117: 1 | AA117: =Y117 -> 6 | AB117: 8 | AC117: =AB117 -> 8 | AF117: ='3.Komplikasi'!AJ117 -> 1 | AG117: =AB117 -> 8 | AH117: =AB117 -> 8 | AI117: =AB117 -> 8 | AJ117: =AB117 -> 8 | AK117: =AB117 -> 8 | AL117: =AB117 -> 8
...

Sheet 2.PWS
A1: LAPORAN PWS KIA
B2: PUSKESMAS : | C2: =PETUNJUK!C5 -> PECANGAAN
B3: BULAN : | C3: ='1.DATA KIA'!C4 -> JANUARI
A5: NO | B5: DESA | C5: SASARAN | F5: K 1 | K5: K 4 | P5: K 6 | U5: DETEKSI RESIKO TINGGI | AE5: BUMIL | AM5: NEONATUS | AR5: PERSALINAN OLEH NAKES | AW5: KOMPLIKASI DITANGANI
C6: BUMIL | D6: BULIN | E6: BAYI | F6: BLN LALU | G6: BLN INI | H6: KUM | J6: RANGKING | K6: BLN LALU | L6: BLN INI | M6: KUM | O6: RANGKING | P6: BLN LALU | Q6: BLN INI | R6: KUM | T6: RANGKING | U6: OLEH NAKES | Z6: OLEH MASYARAKAT | AE6: ANEMIA | AI6: KEK | AM6: BLN. LALU | AN6: BLN. INI | AO6: ABS | AP6: % | AQ6: RANGKING | AR6: BLN. LALU | AS6: BLN. INI | AT6: ABS | AU6: % | AV6: RANGKING | AW6: BLN. LALU | AX6: BLN. INI | AY6: ABS | AZ6: % | BA6: RANGKING
H7: ABS | I7: % | M7: ABS | N7: % | R7: ABS | S7: % | U7: BLN LALU | V7: BLN INI | W7: KUM | Y7: RANGKING | Z7: BLN LALU | AA7: BLN INI | AB7: KUM | AD7: RANGKING | AE7: < 11 MG | AI7: <23,5
W8: ABS | X8: % | AB8: ABS | AC8: % | AE8: BLN LALU | AF8: BLN INI | AG8: ABS | AH8: % | AI8: BLN LALU | AJ8: BLN INI | AK8: ABS | AL8: %
A9: 1 | B9: =PETUNJUK!B9 -> Pecangaan Kulon | C9: ='1.DATA KIA'!C9 -> 101.2 | D9: ='1.DATA KIA'!D9 -> 96.6 | F9: 0 | G9: ='1.DATA KIA'!F9 -> 7 | H9: =G9+F9 -> 7 | I9: =H9/C9*100 -> 6.916996 | K9: 0 | L9: ='1.DATA KIA'!J9 -> 6 | M9: =L9+K9 -> 6 | N9: =M9/D9*100 -> 6.2111801 | P9: 0 | Q9: ='1.DATA KIA'!M9 -> 8 | R9: =Q9+P9 -> 8 | S9: =R9/D9*100 -> 8.2815735 | U9: 0 | V9: ='1.DATA KIA'!Y9 -> 3 | W9: =V9+U9 -> 3 | X9: =W9/(20%*C9)*100 -> 14.822134 | Z9: 0 | AA9: ='1.DATA KIA'!Z9 -> 2 | AB9: =AA9+Z9 -> 2 | AC9: =AB9/(20%*C9)*100 -> 9.8814229 | AE9: 0 | AF9: ='8.ANCTEPADU'!D11+'8.ANCTEPADU'!E11 -> 2 | AG9: =AF9+AE9 -> 2 | AH9: =AG9/C9*100 -> 1.9762846 | AI9: 0 | AJ9: ='8.ANCTEPADU'!J11 -> 0 | AK9: =AJ9+AI9 -> 0 | AL9: =AK9/C9*100 -> 0 | AM9: 0 | AN9: ='1.DATA KIA'!AG9 -> 10 | AO9: =AN9+AM9 -> 10 | AP9: =AO9/E9*100 -> #DIV/0! | AR9: 0 | AS9: ='1.DATA KIA'!AB9 -> 10 | AT9: =AS9+AR9 -> 10 | AU9: =AT9/D9*100 -> 10.351967 | AW9: 0 | AX9: ='1.DATA KIA'!AF9 -> 1 | AY9: =AX9+AW9 -> 1 | AZ9: =AY9/(20%*C9)*100 -> 4.9407115
A10: 2 | B10: =PETUNJUK!B10 -> Rengging | C10: ='1.DATA KIA'!C10 -> 111.1 | D10: ='1.DATA KIA'!D10 -> 106.05 | F10: 0 | G10: ='1.DATA KIA'!F10 -> 23 | H10: =G10+F10 -> 23 | I10: =H10/C10*100 -> 20.70207 | K10: 0 | L10: ='1.DATA KIA'!J10 -> 9 | M10: =L10+K10 -> 9 | N10: =M10/D10*100 -> 8.4865629 | P10: 0 | Q10: ='1.DATA KIA'!M10 -> 20 | R10: =Q10+P10 -> 20 | S10: =R10/D10*100 -> 18.859029 | U10: 0 | V10: ='1.DATA KIA'!Y10 -> 3 | W10: =V10+U10 -> 3 | X10: =W10/(20%*C10)*100 -> 13.50135 | Z10: 0 | AA10: ='1.DATA KIA'!Z10 -> 2 | AB10: =AA10+Z10 -> 2 | AC10: =AB10/(20%*C10)*100 -> 9.0009001 | AE10: 0 | AF10: ='8.ANCTEPADU'!D12+'8.ANCTEPADU'!E12 -> 2 | AG10: =AF10+AE10 -> 2 | AH10: =AG10/C10*100 -> 1.80018 | AI10: 0 | AJ10: ='8.ANCTEPADU'!J12 -> 3 | AK10: =AJ10+AI10 -> 3 | AL10: =AK10/C10*100 -> 2.70027 | AM10: 0 | AN10: ='1.DATA KIA'!AG10 -> 14 | AO10: =AN10+AM10 -> 14 | AP10: =AO10/E10*100 -> #DIV/0! | AR10: 0 | AS10: ='1.DATA KIA'!AB10 -> 14 | AT10: =AS10+AR10 -> 14 | AU10: =AT10/D10*100 -> 13.20132 | AW10: 0 | AX10: ='1.DATA KIA'!AF10 -> 2 | AY10: =AX10+AW10 -> 2 | AZ10: =AY10/(20%*C10)*100 -> 9.0009001
A11: 3 | B11: =PETUNJUK!B11 -> Troso | C11: ='1.DATA KIA'!C11 -> 205.7 | D11: ='1.DATA KIA'!D11 -> 196.35 | F11: 0 | G11: ='1.DATA KIA'!F11 -> 18 | H11: =G11+F11 -> 18 | I11: =H11/C11*100 -> 8.7506077 | K11: 0 | L11: ='1.DATA KIA'!J11 -> 15 | M11: =L11+K11 -> 15 | N11: =M11/D11*100 -> 7.6394194 | P11: 0 | Q11: ='1.DATA KIA'!M11 -> 19 | R11: =Q11+P11 -> 19 | S11: =R11/D11*100 -> 9.6765979 | U11: 0 | V11: ='1.DATA KIA'!Y11 -> 3 | W11: =V11+U11 -> 3 | X11: =W11/(20%*C11)*100 -> 7.2921731 | Z11: 0 | AA11: ='1.DATA KIA'!Z11 -> 2 | AB11: =AA11+Z11 -> 2 | AC11: =AB11/(20%*C11)*100 -> 4.8614487 | AE11: 0 | AF11: ='8.ANCTEPADU'!D13+'8.ANCTEPADU'!E13 -> 1 | AG11: =AF11+AE11 -> 1 | AH11: =AG11/C11*100 -> 0.48614487 | AI11: 0 | AJ11: ='8.ANCTEPADU'!J13 -> 3 | AK11: =AJ11+AI11 -> 3 | AL11: =AK11/C11*100 -> 1.4584346 | AM11: 0 | AN11: ='1.DATA KIA'!AG11 -> 17 | AO11: =AN11+AM11 -> 17 | AP11: =AO11/E11*100 -> #DIV/0! | AR11: 0 | AS11: ='1.DATA KIA'!AB11 -> 17 | AT11: =AS11+AR11 -> 17 | AU11: =AT11/D11*100 -> 8.6580087 | AW11: 0 | AX11: ='1.DATA KIA'!AF11 -> 4 | AY11: =AX11+AW11 -> 4 | AZ11: =AY11/(20%*C11)*100 -> 9.7228974
A12: 4 | B12: =PETUNJUK!B12 -> Ngeling | C12: ='1.DATA KIA'!C12 -> 95.7 | D12: ='1.DATA KIA'!D12 -> 91.35 | F12: 0 | G12: ='1.DATA KIA'!F12 -> 7 | H12: =G12+F12 -> 7 | I12: =H12/C12*100 -> 7.3145246 | K12: 0 | L12: ='1.DATA KIA'!J12 -> 8 | M12: =L12+K12 -> 8 | N12: =M12/D12*100 -> 8.757526 | P12: 0 | Q12: ='1.DATA KIA'!M12 -> 6 | R12: =Q12+P12 -> 6 | S12: =R12/D12*100 -> 6.5681445 | U12: 0 | V12: ='1.DATA KIA'!Y12 -> 2 | W12: =V12+U12 -> 2 | X12: =W12/(20%*C12)*100 -> 10.449321 | Z12: 0 | AA12: ='1.DATA KIA'!Z12 -> 2 | AB12: =AA12+Z12 -> 2 | AC12: =AB12/(20%*C12)*100 -> 10.449321 | AE12: 0 | AF12: ='8.ANCTEPADU'!D14+'8.ANCTEPADU'!E14 -> 0 | AG12: =AF12+AE12 -> 0 | AH12: =AG12/C12*100 -> 0 | AI12: 0 | AJ12: ='8.ANCTEPADU'!J14 -> 2 | AK12: =AJ12+AI12 -> 2 | AL12: =AK12/C12*100 -> 2.0898642 | AM12: 0 | AN12: ='1.DATA KIA'!AG12 -> 9 | AO12: =AN12+AM12 -> 9 | AP12: =AO12/E12*100 -> #DIV/0! | AR12: 0 | AS12: ='1.DATA KIA'!AB12 -> 9 | AT12: =AS12+AR12 -> 9 | AU12: =AT12/D12*100 -> 9.8522167 | AW12: 0 | AX12: ='1.DATA KIA'!AF12 -> 3 | AY12: =AX12+AW12 -> 3 | AZ12: =AY12/(20%*C12)*100 -> 15.673981
A13: 5 | B13: =PETUNJUK!B13 -> Lebuawu | C13: ='1.DATA KIA'!C13 -> 85.8 | D13: ='1.DATA KIA'!D13 -> 81.9 | F13: 0 | G13: ='1.DATA KIA'!F13 -> 9 | H13: =G13+F13 -> 9 | I13: =H13/C13*100 -> 10.48951 | K13: 0 | L13: ='1.DATA KIA'!J13 -> 7 | M13: =L13+K13 -> 7 | N13: =M13/D13*100 -> 8.5470085 | P13: 0 | Q13: ='1.DATA KIA'!M13 -> 6 | R13: =Q13+P13 -> 6 | S13: =R13/D13*100 -> 7.3260073 | U13: 0 | V13: ='1.DATA KIA'!Y13 -> 1 | W13: =V13+U13 -> 1 | X13: =W13/(20%*C13)*100 -> 5.8275058 | Z13: 0 | AA13: ='1.DATA KIA'!Z13 -> 1 | AB13: =AA13+Z13 -> 1 | AC13: =AB13/(20%*C13)*100 -> 5.8275058 | AE13: 0 | AF13: ='8.ANCTEPADU'!D15+'8.ANCTEPADU'!E15 -> 2 | AG13: =AF13+AE13 -> 2 | AH13: =AG13/C13*100 -> 2.3310023 | AI13: 0 | AJ13: ='8.ANCTEPADU'!J15 -> 1 | AK13: =AJ13+AI13 -> 1 | AL13: =AK13/C13*100 -> 1.1655012 | AM13: 0 | AN13: ='1.DATA KIA'!AG13 -> 7 | AO13: =AN13+AM13 -> 7 | AP13: =AO13/E13*100 -> #DIV/0! | AR13: 0 | AS13: ='1.DATA KIA'!AB13 -> 7 | AT13: =AS13+AR13 -> 7 | AU13: =AT13/D13*100 -> 8.5470085 | AW13: 0 | AX13: ='1.DATA KIA'!AF13 -> 0 | AY13: =AX13+AW13 -> 0 | AZ13: =AY13/(20%*C13)*100 -> 0
A14: 6 | B14: =PETUNJUK!B14 -> Pulodarat | C14: ='1.DATA KIA'!C14 -> 82.5 | D14: ='1.DATA KIA'!D14 -> 78.75 | F14: 0 | G14: ='1.DATA KIA'!F14 -> 5 | H14: =G14+F14 -> 5 | I14: =H14/C14*100 -> 6.0606061 | K14: 0 | L14: ='1.DATA KIA'!J14 -> 6 | M14: =L14+K14 -> 6 | N14: =M14/D14*100 -> 7.6190476 | P14: 0 | Q14: ='1.DATA KIA'!M14 -> 6 | R14: =Q14+P14 -> 6 | S14: =R14/D14*100 -> 7.6190476 | U14: 0 | V14: ='1.DATA KIA'!Y14 -> 0 | W14: =V14+U14 -> 0 | X14: =W14/(20%*C14)*100 -> 0 | Z14: 0 | AA14: ='1.DATA KIA'!Z14 -> 0 | AB14: =AA14+Z14 -> 0 | AC14: =AB14/(20%*C14)*100 -> 0 | AE14: 0 | AF14: ='8.ANCTEPADU'!D16+'8.ANCTEPADU'!E16 -> 1 | AG14: =AF14+AE14 -> 1 | AH14: =AG14/C14*100 -> 1.2121212 | AI14: 0 | AJ14: ='8.ANCTEPADU'!J16 -> 0 | AK14: =AJ14+AI14 -> 0 | AL14: =AK14/C14*100 -> 0 | AM14: 0 | AN14: ='1.DATA KIA'!AG14 -> 7 | AO14: =AN14+AM14 -> 7 | AP14: =AO14/E14*100 -> #DIV/0! | AR14: 0 | AS14: ='1.DATA KIA'!AB14 -> 7 | AT14: =AS14+AR14 -> 7 | AU14: =AT14/D14*100 -> 8.8888889 | AW14: 0 | AX14: ='1.DATA KIA'!AF14 -> 0 | AY14: =AX14+AW14 -> 0 | AZ14: =AY14/(20%*C14)*100 -> 0
A15: 7 | B15: =PETUNJUK!B15 -> Karangrandu | C15: ='1.DATA KIA'!C15 -> 93.5 | D15: ='1.DATA KIA'!D15 -> 89.25 | F15: 0 | G15: ='1.DATA KIA'!F15 -> 7 | H15: =G15+F15 -> 7 | I15: =H15/C15*100 -> 7.486631 | K15: 0 | L15: ='1.DATA KIA'!J15 -> 5 | M15: =L15+K15 -> 5 | N15: =M15/D15*100 -> 5.6022409 | P15: 0 | Q15: ='1.DATA KIA'!M15 -> 5 | R15: =Q15+P15 -> 5 | S15: =R15/D15*100 -> 5.6022409 | U15: 0 | V15: ='1.DATA KIA'!Y15 -> 3 | W15: =V15+U15 -> 3 | X15: =W15/(20%*C15)*100 -> 16.042781 | Z15: 0 | AA15: ='1.DATA KIA'!Z15 -> 1 | AB15: =AA15+Z15 -> 1 | AC15: =AB15/(20%*C15)*100 -> 5.3475936 | AE15: 0 | AF15: ='8.ANCTEPADU'!D17+'8.ANCTEPADU'!E17 -> 0 | AG15: =AF15+AE15 -> 0 | AH15: =AG15/C15*100 -> 0 | AI15: 0 | AJ15: ='8.ANCTEPADU'!J17 -> 0 | AK15: =AJ15+AI15 -> 0 | AL15: =AK15/C15*100 -> 0 | AM15: 0 | AN15: ='1.DATA KIA'!AG15 -> 5 | AO15: =AN15+AM15 -> 5 | AP15: =AO15/E15*100 -> #DIV/0! | AR15: 0 | AS15: ='1.DATA KIA'!AB15 -> 5 | AT15: =AS15+AR15 -> 5 | AU15: =AT15/D15*100 -> 5.6022409 | AW15: 0 | AX15: ='1.DATA KIA'!AF15 -> 0 | AY15: =AX15+AW15 -> 0 | AZ15: =AY15/(20%*C15)*100 -> 0
A16: 8 | B16: =PETUNJUK!B16 -> Kaliombo | C16: ='1.DATA KIA'!C16 -> 46.2 | D16: ='1.DATA KIA'!D16 -> 44.1 | F16: 0 | G16: ='1.DATA KIA'!F16 -> 1 | H16: =G16+F16 -> 1 | I16: =H16/C16*100 -> 2.1645022 | K16: 0 | L16: ='1.DATA KIA'!J16 -> 1 | M16: =L16+K16 -> 1 | N16: =M16/D16*100 -> 2.2675737 | P16: 0 | Q16: ='1.DATA KIA'!M16 -> 1 | R16: =Q16+P16 -> 1 | S16: =R16/D16*100 -> 2.2675737 | U16: 0 | V16: ='1.DATA KIA'!Y16 -> 1 | W16: =V16+U16 -> 1 | X16: =W16/(20%*C16)*100 -> 10.822511 | Z16: 0 | AA16: ='1.DATA KIA'!Z16 -> 0 | AB16: =AA16+Z16 -> 0 | AC16: =AB16/(20%*C16)*100 -> 0 | AE16: 0 | AF16: ='8.ANCTEPADU'!D18+'8.ANCTEPADU'!E18 -> 0 | AG16: =AF16+AE16 -> 0 | AH16: =AG16/C16*100 -> 0 | AI16: 0 | AJ16: ='8.ANCTEPADU'!J18 -> 0 | AK16: =AJ16+AI16 -> 0 | AL16: =AK16/C16*100 -> 0 | AM16: 0 | AN16: ='1.DATA KIA'!AG16 -> 1 | AO16: =AN16+AM16 -> 1 | AP16: =AO16/E16*100 -> #DIV/0! | AR16: 0 | AS16: ='1.DATA KIA'!AB16 -> 1 | AT16: =AS16+AR16 -> 1 | AU16: =AT16/D16*100 -> 2.2675737 | AW16: 0 | AX16: ='1.DATA KIA'!AF16 -> 0 | AY16: =AX16+AW16 -> 0 | AZ16: =AY16/(20%*C16)*100 -> 0
A17: 9 | B17: =PETUNJUK!B17 -> Gemulung | C17: ='1.DATA KIA'!C17 -> 53.9 | D17: ='1.DATA KIA'!D17 -> 51.45 | F17: 0 | G17: ='1.DATA KIA'!F17 -> 4 | H17: =G17+F17 -> 4 | I17: =H17/C17*100 -> 7.4211503 | K17: 0 | L17: ='1.DATA KIA'!J17 -> 5 | M17: =L17+K17 -> 5 | N17: =M17/D17*100 -> 9.718173 | P17: 0 | Q17: ='1.DATA KIA'!M17 -> 5 | R17: =Q17+P17 -> 5 | S17: =R17/D17*100 -> 9.718173 | U17: 0 | V17: ='1.DATA KIA'!Y17 -> 0 | W17: =V17+U17 -> 0 | X17: =W17/(20%*C17)*100 -> 0 | Z17: 0 | AA17: ='1.DATA KIA'!Z17 -> 0 | AB17: =AA17+Z17 -> 0 | AC17: =AB17/(20%*C17)*100 -> 0 | AE17: 0 | AF17: ='8.ANCTEPADU'!D19+'8.ANCTEPADU'!E19 -> 2 | AG17: =AF17+AE17 -> 2 | AH17: =AG17/C17*100 -> 3.7105751 | AI17: 0 | AJ17: ='8.ANCTEPADU'!J19 -> 0 | AK17: =AJ17+AI17 -> 0 | AL17: =AK17/C17*100 -> 0 | AM17: 0 | AN17: ='1.DATA KIA'!AG17 -> 3 | AO17: =AN17+AM17 -> 3 | AP17: =AO17/E17*100 -> #DIV/0! | AR17: 0 | AS17: ='1.DATA KIA'!AB17 -> 3 | AT17: =AS17+AR17 -> 3 | AU17: =AT17/D17*100 -> 5.8309038 | AW17: 0 | AX17: ='1.DATA KIA'!AF17 -> 1 | AY17: =AX17+AW17 -> 1 | AZ17: =AY17/(20%*C17)*100 -> 9.2764378
A18: 10 | B18: =PETUNJUK!B18 -> Pecangaan Wetan | C18: ='1.DATA KIA'!C18 -> 50.6 | D18: ='1.DATA KIA'!D18 -> 48.3 | F18: 0 | G18: ='1.DATA KIA'!F18 -> 4 | H18: =G18+F18 -> 4 | I18: =H18/C18*100 -> 7.9051383 | K18: 0 | L18: ='1.DATA KIA'!J18 -> 3 | M18: =L18+K18 -> 3 | N18: =M18/D18*100 -> 6.2111801 | P18: 0 | Q18: ='1.DATA KIA'!M18 -> 2 | R18: =Q18+P18 -> 2 | S18: =R18/D18*100 -> 4.1407867 | U18: 0 | V18: ='1.DATA KIA'!Y18 -> 1 | W18: =V18+U18 -> 1 | X18: =W18/(20%*C18)*100 -> 9.8814229 | Z18: 0 | AA18: ='1.DATA KIA'!Z18 -> 0 | AB18: =AA18+Z18 -> 0 | AC18: =AB18/(20%*C18)*100 -> 0 | AE18: 0 | AF18: ='8.ANCTEPADU'!D20+'8.ANCTEPADU'!E20 -> 0 | AG18: =AF18+AE18 -> 0 | AH18: =AG18/C18*100 -> 0 | AI18: 0 | AJ18: ='8.ANCTEPADU'!J20 -> 2 | AK18: =AJ18+AI18 -> 2 | AL18: =AK18/C18*100 -> 3.9525692 | AM18: 0 | AN18: ='1.DATA KIA'!AG18 -> 7 | AO18: =AN18+AM18 -> 7 | AP18: =AO18/E18*100 -> #DIV/0! | AR18: 0 | AS18: ='1.DATA KIA'!AB18 -> 7 | AT18: =AS18+AR18 -> 7 | AU18: =AT18/D18*100 -> 14.492754 | AW18: 0 | AX18: ='1.DATA KIA'!AF18 -> 0 | AY18: =AX18+AW18 -> 0 | AZ18: =AY18/(20%*C18)*100 -> 0
A19: 11 | B19: =PETUNJUK!B19 -> Krasak | C19: ='1.DATA KIA'!C19 -> 117.7 | D19: ='1.DATA KIA'!D19 -> 112.35 | F19: 0 | G19: ='1.DATA KIA'!F19 -> 15 | H19: =G19+F19 -> 15 | I19: =H19/C19*100 -> 12.744265 | K19: 0 | L19: ='1.DATA KIA'!J19 -> 4 | M19: =L19+K19 -> 4 | N19: =M19/D19*100 -> 3.5603026 | P19: 0 | Q19: ='1.DATA KIA'!M19 -> 8 | R19: =Q19+P19 -> 8 | S19: =R19/D19*100 -> 7.1206053 | U19: 0 | V19: ='1.DATA KIA'!Y19 -> 1 | W19: =V19+U19 -> 1 | X19: =W19/(20%*C19)*100 -> 4.2480884 | Z19: 0 | AA19: ='1.DATA KIA'!Z19 -> 1 | AB19: =AA19+Z19 -> 1 | AC19: =AB19/(20%*C19)*100 -> 4.2480884 | AE19: 0 | AF19: ='8.ANCTEPADU'!D21+'8.ANCTEPADU'!E21 -> 0 | AG19: =AF19+AE19 -> 0 | AH19: =AG19/C19*100 -> 0 | AI19: 0 | AJ19: ='8.ANCTEPADU'!J21 -> 1 | AK19: =AJ19+AI19 -> 1 | AL19: =AK19/C19*100 -> 0.84961767 | AM19: 0 | AN19: ='1.DATA KIA'!AG19 -> 8 | AO19: =AN19+AM19 -> 8 | AP19: =AO19/E19*100 -> #DIV/0! | AR19: 0 | AS19: ='1.DATA KIA'!AB19 -> 8 | AT19: =AS19+AR19 -> 8 | AU19: =AT19/D19*100 -> 7.1206053 | AW19: 0 | AX19: ='1.DATA KIA'!AF19 -> 4 | AY19: =AX19+AW19 -> 4 | AZ19: =AY19/(20%*C19)*100 -> 16.992353
A20: 12 | B20: =PETUNJUK!B20 -> Gerdu | C20: ='1.DATA KIA'!C20 -> 23.1 | D20: ='1.DATA KIA'!D20 -> 22.05 | F20: 0 | G20: ='1.DATA KIA'!F20 -> 1 | H20: =G20+F20 -> 1 | I20: =H20/C20*100 -> 4.3290043 | K20: 0 | L20: ='1.DATA KIA'!J20 -> 3 | M20: =L20+K20 -> 3 | N20: =M20/D20*100 -> 13.605442 | P20: 0 | Q20: ='1.DATA KIA'!M20 -> 2 | R20: =Q20+P20 -> 2 | S20: =R20/D20*100 -> 9.0702948 | U20: 0 | V20: ='1.DATA KIA'!Y20 -> 0 | W20: =V20+U20 -> 0 | X20: =W20/(20%*C20)*100 -> 0 | Z20: 0 | AA20: ='1.DATA KIA'!Z20 -> 0 | AB20: =AA20+Z20 -> 0 | AC20: =AB20/(20%*C20)*100 -> 0 | AE20: 0 | AF20: ='8.ANCTEPADU'!D22+'8.ANCTEPADU'!E22 -> 0 | AG20: =AF20+AE20 -> 0 | AH20: =AG20/C20*100 -> 0 | AI20: 0 | AJ20: ='8.ANCTEPADU'!J22 -> 0 | AK20: =AJ20+AI20 -> 0 | AL20: =AK20/C20*100 -> 0 | AM20: 0 | AN20: ='1.DATA KIA'!AG20 -> 2 | AO20: =AN20+AM20 -> 2 | AP20: =AO20/E20*100 -> #DIV/0! | AR20: 0 | AS20: ='1.DATA KIA'!AB20 -> 2 | AT20: =AS20+AR20 -> 2 | AU20: =AT20/D20*100 -> 9.0702948 | AW20: 0 | AX20: ='1.DATA KIA'!AF20 -> 1 | AY20: =AX20+AW20 -> 1 | AZ20: =AY20/(20%*C20)*100 -> 21.645022
... A30: 22 | B30: =PETUNJUK!B30 -> 0 | C30: ='1.DATA KIA'!C30 -> 0 | D30: ='1.DATA KIA'!D30 -> 0 | F30: 0 | G30: ='1.DATA KIA'!F30 -> 0 | H30: =G30+F30 -> 0 | I30: =H30/C30*100 -> #DIV/0! | K30: 0 | L30: ='1.DATA KIA'!J30 -> 0 | M30: =L30+K30 -> 0 | N30: =M30/D30*100 -> #DIV/0! | P30: 0 | Q30: ='1.DATA KIA'!M30 -> 0 | R30: =Q30+P30 -> 0 | S30: =R30/D30*100 -> #DIV/0! | U30: 0 | V30: ='1.DATA KIA'!Y30 -> 0 | W30: =V30+U30 -> 0 | X30: =W30/(20%*C30)*100 -> #DIV/0! | Z30: 0 | AA30: ='1.DATA KIA'!Z30 -> 0 | AB30: =AA30+Z30 -> 0 | AC30: =AB30/(20%*C30)*100 -> #DIV/0! | AE30: 0 | AF30: ='8.ANCTEPADU'!D32+'8.ANCTEPADU'!E32 -> 0 | AG30: =AF30+AE30 -> 0 | AH30: =AG30/C30*100 -> #DIV/0! | AI30: 0 | AJ30: ='8.ANCTEPADU'!J32 -> 0 | AK30: =AJ30+AI30 -> 0 | AL30: =AK30/C30*100 -> #DIV/0! | AM30: 0 | AN30: ='1.DATA KIA'!AG30 -> 0 | AO30: =AN30+AM30 -> 0 | AP30: =AO30/E30*100 -> #DIV/0! | AR30: 0 | AS30: ='1.DATA KIA'!AB30 -> 0 | AT30: =AS30+AR30 -> 0 | AU30: =AT30/D30*100 -> #DIV/0! | AW30: 0 | AX30: ='1.DATA KIA'!AF30 -> 0 | AY30: =AX30+AW30 -> 0 | AZ30: =AY30/(20%*C30)*100 -> #DIV/0!
B31: JUMLAH | C31: =SUM(C9:C30) -> 1067 | D31: =SUM(D9:D30) -> 1018.5 | E31: =SUM(E9:E30) -> 0 | F31: =SUM(F9:F30) -> 0 | G31: =SUM(G9:G30) -> 101 | H31: =SUM(H9:H30) -> 101 | I31: =H31/C31*100 -> 9.4657919 | J31: =SUM(J9:J30) -> 0 | K31: =SUM(K9:K30) -> 0 | L31: =SUM(L9:L30) -> 72 | M31: =SUM(M9:M30) -> 72 | N31: =M31/D31*100 -> 7.0692194 | O31: =SUM(O9:O30) -> 0 | P31: =SUM(P9:P30) -> 0 | Q31: =SUM(Q9:Q30) -> 88 | R31: =SUM(R9:R30) -> 88 | S31: =R31/D31*100 -> 8.6401571 | T31: =SUM(T9:T30) -> 0 | U31: =SUM(U9:U30) -> 0 | V31: =SUM(V9:V30) -> 18 | W31: =SUM(W9:W30) -> 18 | X31: =W31/(20%*C31)*100 -> 8.4348641 | Y31: =SUM(Y9:Y30) -> 0 | Z31: =SUM(Z9:Z30) -> 0 | AA31: =SUM(AA9:AA30) -> 11 | AB31: =SUM(AB9:AB30) -> 11 | AC31: =AB31/(20%*C31)*100 -> 5.1546392 | AD31: =SUM(AD9:AD30) -> 0 | AE31: =SUM(AE9:AE30) -> 0 | AF31: =SUM(AF9:AF30) -> 10 | AG31: =SUM(AG9:AG30) -> 10 | AH31: =AG31/C31*100 -> 0.93720712 | AI31: =SUM(AI9:AI30) -> 0 | AJ31: =SUM(AJ9:AJ30) -> 12 | AK31: =SUM(AK9:AK30) -> 12 | AL31: =AK31/C31*100 -> 1.1246485 | AM31: =SUM(AM9:AM30) -> 0 | AN31: =SUM(AN9:AN30) -> 90 | AO31: =SUM(AO9:AO30) -> 90 | AP31: =AO31/E31*100 -> #DIV/0! | AQ31: =SUM(AQ9:AQ30) -> 0 | AR31: =SUM(AR9:AR30) -> 0 | AS31: =SUM(AS9:AS30) -> 90 | AT31: =SUM(AT9:AT30) -> 90 | AU31: =AT31/C31*100 -> 8.4348641 | AV31: =SUM(AV9:AV30) -> 0 | AW31: =SUM(AW9:AW30) -> 0 | AX31: =SUM(AX9:AX30) -> 16 | AY31: =SUM(AY9:AY30) -> 16 | AZ31: =AY31/(20%*C31)*100 -> 7.497657
A35: LAPORAN PWS KIA
B36: PUSKESMAS : | C36: =PETUNJUK!C5 -> PECANGAAN
B37: BULAN : | C37: ='1.DATA KIA'!C38 -> PEBRUARI
A39: NO | B39: DESA | C39: SASARAN | F39: K 1 | K39: K 4 | P39: K 6 | U39: DETEKSI RESIKO TINGGI | AE39: BUMIL | AM39: NEONATUS | AR39: PERSALINAN OLEH NAKES | AW39: KOMPLIKASI DITANGANI
C40: BUMIL | D40: BULIN | E40: BAYI | F40: BLN LALU | G40: BLN INI | H40: KUM | J40: RANGKING | K40: BLN LALU | L40: BLN INI | M40: KUM | O40: RANGKING | P40: BLN LALU | Q40: BLN INI | R40: KUM | T40: RANGKING | U40: OLEH NAKES | Z40: OLEH MASYARAKAT | AE40: ANEMIA | AI40: KEK | AM40: BLN. LALU | AN40: BLN. INI | AO40: ABS | AP40: % | AQ40: RANGKING | AR40: BLN. LALU | AS40: BLN. INI | AT40: ABS | AU40: % | AV40: RANGKING | AW40: BLN. LALU | AX40: BLN. INI | AY40: ABS | AZ40: % | BA40: RANGKING
H41: ABS | I41: % | M41: ABS | N41: % | R41: ABS | S41: % | U41: BLN LALU | V41: BLN INI | W41: KUM | Y41: RANGKING | Z41: BLN LALU | AA41: BLN INI | AB41: KUM | AD41: RANGKING | AE41: < 11 MG | AI41: <23,5
W42: ABS | X42: % | AB42: ABS | AC42: % | AE42: BLN LALU | AF42: BLN INI | AG42: ABS | AH42: % | AI42: BLN LALU | AJ42: BLN INI | AK42: ABS | AL42: %
A43: 1 | B43: =PETUNJUK!B9 -> Pecangaan Kulon | C43: ='1.DATA KIA'!C43 -> 101.2 | D43: ='1.DATA KIA'!D43 -> 96.6 | E43: =E9 -> 0 | F43: =H9 -> 7 | G43: ='1.DATA KIA'!F43 -> 8 | H43: =F43+G43 -> 15 | I43: =H43/C43*100 -> 14.822134 | K43: =M9 -> 6 | L43: ='1.DATA KIA'!J43 -> 7 | M43: =K43+L43 -> 13 | N43: =M43/D43*100 -> 13.457557 | P43: =R9 -> 8 | Q43: ='1.DATA KIA'!M43 -> 8 | R43: =P43+Q43 -> 16 | S43: =R43/D43*100 -> 16.563147 | U43: =W9 -> 3 | V43: ='1.DATA KIA'!Y43 -> 3 | W43: =U43+V43 -> 6 | X43: =W43/(20%*C43)*100 -> 29.644269 | Z43: =AB9 -> 2 | AA43: ='1.DATA KIA'!Z43 -> 1 | AB43: =Z43+AA43 -> 3 | AC43: =AB43/(20%*C43)*100 -> 14.822134 | AE43: =AG9 -> 2 | AF43: ='8.ANCTEPADU'!D45+'8.ANCTEPADU'!E45 -> 1 | AG43: =AE43+AF43 -> 3 | AH43: =AG43/C43*100 -> 2.9644269 | AI43: =AK9 -> 0 | AJ43: ='8.ANCTEPADU'!J45 -> 0 | AK43: =AI43+AJ43 -> 0 | AL43: =AK43/C43*100 -> 0 | AM43: =AO9 -> 10 | AN43: ='1.DATA KIA'!AG43 -> 7 | AO43: =AN43+AM43 -> 17 | AP43: =AO43/E43*100 -> #DIV/0! | AR43: =AT9 -> 10 | AS43: ='1.DATA KIA'!AB43 -> 7 | AT43: =AS43+AR43 -> 17 | AU43: =AT43/D43*100 -> 17.598344 | AW43: =AY9 -> 1 | AX43: ='1.DATA KIA'!AF43 -> 4 | AY43: =AW43+AX43 -> 5 | AZ43: =AY43/(20%*C43)*100 -> 24.703557
A44: 2 | B44: =PETUNJUK!B10 -> Rengging | C44: ='1.DATA KIA'!C44 -> 111.1 | D44: ='1.DATA KIA'!D44 -> 106.05 | E44: =E10 -> 0 | F44: =H10 -> 23 | G44: ='1.DATA KIA'!F44 -> 6 | H44: =F44+G44 -> 29 | I44: =H44/C44*100 -> 26.10261 | K44: =M10 -> 9 | L44: ='1.DATA KIA'!J44 -> 4 | M44: =K44+L44 -> 13 | N44: =M44/D44*100 -> 12.258369 | P44: =R10 -> 20 | Q44: ='1.DATA KIA'!M44 -> 6 | R44: =P44+Q44 -> 26 | S44: =R44/D44*100 -> 24.516737 | U44: =W10 -> 3 | V44: ='1.DATA KIA'!Y44 -> 2 | W44: =U44+V44 -> 5 | X44: =W44/(20%*C44)*100 -> 22.50225 | Z44: =AB10 -> 2 | AA44: ='1.DATA KIA'!Z44 -> 1 | AB44: =Z44+AA44 -> 3 | AC44: =AB44/(20%*C44)*100 -> 13.50135 | AE44: =AG10 -> 2 | AF44: ='8.ANCTEPADU'!D46+'8.ANCTEPADU'!E46 -> 1 | AG44: =AE44+AF44 -> 3 | AH44: =AG44/C44*100 -> 2.70027 | AI44: =AK10 -> 3 | AJ44: ='8.ANCTEPADU'!J46 -> 3 | AK44: =AI44+AJ44 -> 6 | AL44: =AK44/C44*100 -> 5.4005401 | AM44: =AO10 -> 14 | AN44: ='1.DATA KIA'!AG44 -> 4 | AO44: =AN44+AM44 -> 18 | AP44: =AO44/E44*100 -> #DIV/0! | AR44: =AT10 -> 14 | AS44: ='1.DATA KIA'!AB44 -> 4 | AT44: =AS44+AR44 -> 18 | AU44: =AT44/D44*100 -> 16.973126 | AW44: =AY10 -> 2 | AX44: ='1.DATA KIA'!AF44 -> 0 | AY44: =AW44+AX44 -> 2 | AZ44: =AY44/(20%*C44)*100 -> 9.0009001
A45: 3 | B45: =PETUNJUK!B11 -> Troso | C45: ='1.DATA KIA'!C45 -> 205.7 | D45: ='1.DATA KIA'!D45 -> 196.35 | E45: =E11 -> 0 | F45: =H11 -> 18 | G45: ='1.DATA KIA'!F45 -> 17 | H45: =F45+G45 -> 35 | I45: =H45/C45*100 -> 17.01507 | K45: =M11 -> 15 | L45: ='1.DATA KIA'!J45 -> 13 | M45: =K45+L45 -> 28 | N45: =M45/D45*100 -> 14.26025 | P45: =R11 -> 19 | Q45: ='1.DATA KIA'!M45 -> 20 | R45: =P45+Q45 -> 39 | S45: =R45/D45*100 -> 19.86249 | U45: =W11 -> 3 | V45: ='1.DATA KIA'!Y45 -> 4 | W45: =U45+V45 -> 7 | X45: =W45/(20%*C45)*100 -> 17.01507 | Z45: =AB11 -> 2 | AA45: ='1.DATA KIA'!Z45 -> 5 | AB45: =Z45+AA45 -> 7 | AC45: =AB45/(20%*C45)*100 -> 17.01507 | AE45: =AG11 -> 1 | AF45: ='8.ANCTEPADU'!D47+'8.ANCTEPADU'!E47 -> 1 | AG45: =AE45+AF45 -> 2 | AH45: =AG45/C45*100 -> 0.97228974 | AI45: =AK11 -> 3 | AJ45: ='8.ANCTEPADU'!J47 -> 3 | AK45: =AI45+AJ45 -> 6 | AL45: =AK45/C45*100 -> 2.9168692 | AM45: =AO11 -> 17 | AN45: ='1.DATA KIA'!AG45 -> 17 | AO45: =AN45+AM45 -> 34 | AP45: =AO45/E45*100 -> #DIV/0! | AR45: =AT11 -> 17 | AS45: ='1.DATA KIA'!AB45 -> 17 | AT45: =AS45+AR45 -> 34 | AU45: =AT45/D45*100 -> 17.316017 | AW45: =AY11 -> 4 | AX45: ='1.DATA KIA'!AF45 -> 2 | AY45: =AW45+AX45 -> 6 | AZ45: =AY45/(20%*C45)*100 -> 14.584346
A46: 4 | B46: =PETUNJUK!B12 -> Ngeling | C46: ='1.DATA KIA'!C46 -> 95.7 | D46: ='1.DATA KIA'!D46 -> 91.35 | E46: =E12 -> 0 | F46: =H12 -> 7 | G46: ='1.DATA KIA'!F46 -> 4 | H46: =F46+G46 -> 11 | I46: =H46/C46*100 -> 11.494253 | K46: =M12 -> 8 | L46: ='1.DATA KIA'!J46 -> 6 | M46: =K46+L46 -> 14 | N46: =M46/D46*100 -> 15.32567 | P46: =R12 -> 6 | Q46: ='1.DATA KIA'!M46 -> 5 | R46: =P46+Q46 -> 11 | S46: =R46/D46*100 -> 12.041598 | U46: =W12 -> 2 | V46: ='1.DATA KIA'!Y46 -> 3 | W46: =U46+V46 -> 5 | X46: =W46/(20%*C46)*100 -> 26.123302 | Z46: =AB12 -> 2 | AA46: ='1.DATA KIA'!Z46 -> 3 | AB46: =Z46+AA46 -> 5 | AC46: =AB46/(20%*C46)*100 -> 26.123302 | AE46: =AG12 -> 0 | AF46: ='8.ANCTEPADU'!D48+'8.ANCTEPADU'!E48 -> 2 | AG46: =AE46+AF46 -> 2 | AH46: =AG46/C46*100 -> 2.0898642 | AI46: =AK12 -> 2 | AJ46: ='8.ANCTEPADU'!J48 -> 2 | AK46: =AI46+AJ46 -> 4 | AL46: =AK46/C46*100 -> 4.1797283 | AM46: =AO12 -> 9 | AN46: ='1.DATA KIA'!AG46 -> 7 | AO46: =AN46+AM46 -> 16 | AP46: =AO46/E46*100 -> #DIV/0! | AR46: =AT12 -> 9 | AS46: ='1.DATA KIA'!AB46 -> 7 | AT46: =AS46+AR46 -> 16 | AU46: =AT46/D46*100 -> 17.515052 | AW46: =AY12 -> 3 | AX46: ='1.DATA KIA'!AF46 -> 3 | AY46: =AW46+AX46 -> 6 | AZ46: =AY46/(20%*C46)*100 -> 31.347962
A47: 5 | B47: =PETUNJUK!B13 -> Lebuawu | C47: ='1.DATA KIA'!C47 -> 85.8 | D47: ='1.DATA KIA'!D47 -> 81.9 | E47: =E13 -> 0 | F47: =H13 -> 9 | G47: ='1.DATA KIA'!F47 -> 11 | H47: =F47+G47 -> 20 | I47: =H47/C47*100 -> 23.310023 | K47: =M13 -> 7 | L47: ='1.DATA KIA'!J47 -> 5 | M47: =K47+L47 -> 12 | N47: =M47/D47*100 -> 14.652015 | P47: =R13 -> 6 | Q47: ='1.DATA KIA'!M47 -> 4 | R47: =P47+Q47 -> 10 | S47: =R47/D47*100 -> 12.210012 | U47: =W13 -> 1 | V47: ='1.DATA KIA'!Y47 -> 2 | W47: =U47+V47 -> 3 | X47: =W47/(20%*C47)*100 -> 17.482517 | Z47: =AB13 -> 1 | AA47: ='1.DATA KIA'!Z47 -> 2 | AB47: =Z47+AA47 -> 3 | AC47: =AB47/(20%*C47)*100 -> 17.482517 | AE47: =AG13 -> 2 | AF47: ='8.ANCTEPADU'!D49+'8.ANCTEPADU'!E49 -> 0 | AG47: =AE47+AF47 -> 2 | AH47: =AG47/C47*100 -> 2.3310023 | AI47: =AK13 -> 1 | AJ47: ='8.ANCTEPADU'!J49 -> 2 | AK47: =AI47+AJ47 -> 3 | AL47: =AK47/C47*100 -> 3.4965035 | AM47: =AO13 -> 7 | AN47: ='1.DATA KIA'!AG47 -> 4 | AO47: =AN47+AM47 -> 11 | AP47: =AO47/E47*100 -> #DIV/0! | AR47: =AT13 -> 7 | AS47: ='1.DATA KIA'!AB47 -> 4 | AT47: =AS47+AR47 -> 11 | AU47: =AT47/D47*100 -> 13.431013 | AW47: =AY13 -> 0 | AX47: ='1.DATA KIA'!AF47 -> 0 | AY47: =AW47+AX47 -> 0 | AZ47: =AY47/(20%*C47)*100 -> 0
A48: 6 | B48: =PETUNJUK!B14 -> Pulodarat | C48: ='1.DATA KIA'!C48 -> 82.5 | D48: ='1.DATA KIA'!D48 -> 78.75 | E48: =E14 -> 0 | F48: =H14 -> 5 | G48: ='1.DATA KIA'!F48 -> 4 | H48: =F48+G48 -> 9 | I48: =H48/C48*100 -> 10.909091 | K48: =M14 -> 6 | L48: ='1.DATA KIA'!J48 -> 5 | M48: =K48+L48 -> 11 | N48: =M48/D48*100 -> 13.968254 | P48: =R14 -> 6 | Q48: ='1.DATA KIA'!M48 -> 5 | R48: =P48+Q48 -> 11 | S48: =R48/D48*100 -> 13.968254 | U48: =W14 -> 0 | V48: ='1.DATA KIA'!Y48 -> 0 | W48: =U48+V48 -> 0 | X48: =W48/(20%*C48)*100 -> 0 | Z48: =AB14 -> 0 | AA48: ='1.DATA KIA'!Z48 -> 0 | AB48: =Z48+AA48 -> 0 | AC48: =AB48/(20%*C48)*100 -> 0 | AE48: =AG14 -> 1 | AF48: ='8.ANCTEPADU'!D50+'8.ANCTEPADU'!E50 -> 1 | AG48: =AE48+AF48 -> 2 | AH48: =AG48/C48*100 -> 2.4242424 | AI48: =AK14 -> 0 | AJ48: ='8.ANCTEPADU'!J50 -> 0 | AK48: =AI48+AJ48 -> 0 | AL48: =AK48/C48*100 -> 0 | AM48: =AO14 -> 7 | AN48: ='1.DATA KIA'!AG48 -> 4 | AO48: =AN48+AM48 -> 11 | AP48: =AO48/E48*100 -> #DIV/0! | AR48: =AT14 -> 7 | AS48: ='1.DATA KIA'!AB48 -> 4 | AT48: =AS48+AR48 -> 11 | AU48: =AT48/D48*100 -> 13.968254 | AW48: =AY14 -> 0 | AX48: ='1.DATA KIA'!AF48 -> 2 | AY48: =AW48+AX48 -> 2 | AZ48: =AY48/(20%*C48)*100 -> 12.121212
A49: 7 | B49: =PETUNJUK!B15 -> Karangrandu | C49: ='1.DATA KIA'!C49 -> 93.5 | D49: ='1.DATA KIA'!D49 -> 89.25 | E49: =E15 -> 0 | F49: =H15 -> 7 | G49: ='1.DATA KIA'!F49 -> 8 | H49: =F49+G49 -> 15 | I49: =H49/C49*100 -> 16.042781 | K49: =M15 -> 5 | L49: ='1.DATA KIA'!J49 -> 8 | M49: =K49+L49 -> 13 | N49: =M49/D49*100 -> 14.565826 | P49: =R15 -> 5 | Q49: ='1.DATA KIA'!M49 -> 7 | R49: =P49+Q49 -> 12 | S49: =R49/D49*100 -> 13.445378 | U49: =W15 -> 3 | V49: ='1.DATA KIA'!Y49 -> 2 | W49: =U49+V49 -> 5 | X49: =W49/(20%*C49)*100 -> 26.737968 | Z49: =AB15 -> 1 | AA49: ='1.DATA KIA'!Z49 -> 1 | AB49: =Z49+AA49 -> 2 | AC49: =AB49/(20%*C49)*100 -> 10.695187 | AE49: =AG15 -> 0 | AF49: ='8.ANCTEPADU'!D51+'8.ANCTEPADU'!E51 -> 1 | AG49: =AE49+AF49 -> 1 | AH49: =AG49/C49*100 -> 1.0695187 | AI49: =AK15 -> 0 | AJ49: ='8.ANCTEPADU'!J51 -> 1 | AK49: =AI49+AJ49 -> 1 | AL49: =AK49/C49*100 -> 1.0695187 | AM49: =AO15 -> 5 | AN49: ='1.DATA KIA'!AG49 -> 4 | AO49: =AN49+AM49 -> 9 | AP49: =AO49/E49*100 -> #DIV/0! | AR49: =AT15 -> 5 | AS49: ='1.DATA KIA'!AB49 -> 5 | AT49: =AS49+AR49 -> 10 | AU49: =AT49/D49*100 -> 11.204482 | AW49: =AY15 -> 0 | AX49: ='1.DATA KIA'!AF49 -> 2 | AY49: =AW49+AX49 -> 2 | AZ49: =AY49/(20%*C49)*100 -> 10.695187
A50: 8 | B50: =PETUNJUK!B16 -> Kaliombo | C50: ='1.DATA KIA'!C50 -> 46.2 | D50: ='1.DATA KIA'!D50 -> 44.1 | E50: =E16 -> 0 | F50: =H16 -> 1 | G50: ='1.DATA KIA'!F50 -> 5 | H50: =F50+G50 -> 6 | I50: =H50/C50*100 -> 12.987013 | K50: =M16 -> 1 | L50: ='1.DATA KIA'!J50 -> 5 | M50: =K50+L50 -> 6 | N50: =M50/D50*100 -> 13.605442 | P50: =R16 -> 1 | Q50: ='1.DATA KIA'!M50 -> 5 | R50: =P50+Q50 -> 6 | S50: =R50/D50*100 -> 13.605442 | U50: =W16 -> 1 | V50: ='1.DATA KIA'!Y50 -> 1 | W50: =U50+V50 -> 2 | X50: =W50/(20%*C50)*100 -> 21.645022 | Z50: =AB16 -> 0 | AA50: ='1.DATA KIA'!Z50 -> 0 | AB50: =Z50+AA50 -> 0 | AC50: =AB50/(20%*C50)*100 -> 0 | AE50: =AG16 -> 0 | AF50: ='8.ANCTEPADU'!D52+'8.ANCTEPADU'!E52 -> 0 | AG50: =AE50+AF50 -> 0 | AH50: =AG50/C50*100 -> 0 | AI50: =AK16 -> 0 | AJ50: ='8.ANCTEPADU'!J52 -> 0 | AK50: =AI50+AJ50 -> 0 | AL50: =AK50/C50*100 -> 0 | AM50: =AO16 -> 1 | AN50: ='1.DATA KIA'!AG50 -> 5 | AO50: =AN50+AM50 -> 6 | AP50: =AO50/E50*100 -> #DIV/0! | AR50: =AT16 -> 1 | AS50: ='1.DATA KIA'!AB50 -> 5 | AT50: =AS50+AR50 -> 6 | AU50: =AT50/D50*100 -> 13.605442 | AW50: =AY16 -> 0 | AX50: ='1.DATA KIA'!AF50 -> 3 | AY50: =AW50+AX50 -> 3 | AZ50: =AY50/(20%*C50)*100 -> 32.467532
A51: 9 | B51: =PETUNJUK!B17 -> Gemulung | C51: ='1.DATA KIA'!C51 -> 53.9 | D51: ='1.DATA KIA'!D51 -> 51.45 | E51: =E17 -> 0 | F51: =H17 -> 4 | G51: ='1.DATA KIA'!F51 -> 5 | H51: =F51+G51 -> 9 | I51: =H51/C51*100 -> 16.697588 | K51: =M17 -> 5 | L51: ='1.DATA KIA'!J51 -> 4 | M51: =K51+L51 -> 9 | N51: =M51/D51*100 -> 17.492711 | P51: =R17 -> 5 | Q51: ='1.DATA KIA'!M51 -> 5 | R51: =P51+Q51 -> 10 | S51: =R51/D51*100 -> 19.436346 | U51: =W17 -> 0 | V51: ='1.DATA KIA'!Y51 -> 0 | W51: =U51+V51 -> 0 | X51: =W51/(20%*C51)*100 -> 0 | Z51: =AB17 -> 0 | AA51: ='1.DATA KIA'!Z51 -> 0 | AB51: =Z51+AA51 -> 0 | AC51: =AB51/(20%*C51)*100 -> 0 | AE51: =AG17 -> 2 | AF51: ='8.ANCTEPADU'!D53+'8.ANCTEPADU'!E53 -> 1 | AG51: =AE51+AF51 -> 3 | AH51: =AG51/C51*100 -> 5.5658627 | AI51: =AK17 -> 0 | AJ51: ='8.ANCTEPADU'!J53 -> 0 | AK51: =AI51+AJ51 -> 0 | AL51: =AK51/C51*100 -> 0 | AM51: =AO17 -> 3 | AN51: ='1.DATA KIA'!AG51 -> 5 | AO51: =AN51+AM51 -> 8 | AP51: =AO51/E51*100 -> #DIV/0! | AR51: =AT17 -> 3 | AS51: ='1.DATA KIA'!AB51 -> 5 | AT51: =AS51+AR51 -> 8 | AU51: =AT51/D51*100 -> 15.549077 | AW51: =AY17 -> 1 | AX51: ='1.DATA KIA'!AF51 -> 1 | AY51: =AW51+AX51 -> 2 | AZ51: =AY51/(20%*C51)*100 -> 18.552876
A52: 10 | B52: =PETUNJUK!B18 -> Pecangaan Wetan | C52: ='1.DATA KIA'!C52 -> 50.6 | D52: ='1.DATA KIA'!D52 -> 48.3 | E52: =E18 -> 0 | F52: =H18 -> 4 | G52: ='1.DATA KIA'!F52 -> 6 | H52: =F52+G52 -> 10 | I52: =H52/C52*100 -> 19.762846 | K52: =M18 -> 3 | L52: ='1.DATA KIA'!J52 -> 4 | M52: =K52+L52 -> 7 | N52: =M52/D52*100 -> 14.492754 | P52: =R18 -> 2 | Q52: ='1.DATA KIA'!M52 -> 3 | R52: =P52+Q52 -> 5 | S52: =R52/D52*100 -> 10.351967 | U52: =W18 -> 1 | V52: ='1.DATA KIA'!Y52 -> 1 | W52: =U52+V52 -> 2 | X52: =W52/(20%*C52)*100 -> 19.762846 | Z52: =AB18 -> 0 | AA52: ='1.DATA KIA'!Z52 -> 0 | AB52: =Z52+AA52 -> 0 | AC52: =AB52/(20%*C52)*100 -> 0 | AE52: =AG18 -> 0 | AF52: ='8.ANCTEPADU'!D54+'8.ANCTEPADU'!E54 -> 0 | AG52: =AE52+AF52 -> 0 | AH52: =AG52/C52*100 -> 0 | AI52: =AK18 -> 2 | AJ52: ='8.ANCTEPADU'!J54 -> 1 | AK52: =AI52+AJ52 -> 3 | AL52: =AK52/C52*100 -> 5.9288538 | AM52: =AO18 -> 7 | AN52: ='1.DATA KIA'!AG52 -> 3 | AO52: =AN52+AM52 -> 10 | AP52: =AO52/E52*100 -> #DIV/0! | AR52: =AT18 -> 7 | AS52: ='1.DATA KIA'!AB52 -> 3 | AT52: =AS52+AR52 -> 10 | AU52: =AT52/D52*100 -> 20.703934 | AW52: =AY18 -> 0 | AX52: ='1.DATA KIA'!AF52 -> 1 | AY52: =AW52+AX52 -> 1 | AZ52: =AY52/(20%*C52)*100 -> 9.8814229
A53: 11 | B53: =PETUNJUK!B19 -> Krasak | C53: ='1.DATA KIA'!C53 -> 117.7 | D53: ='1.DATA KIA'!D53 -> 112.35 | E53: =E19 -> 0 | F53: =H19 -> 15 | G53: ='1.DATA KIA'!F53 -> 10 | H53: =F53+G53 -> 25 | I53: =H53/C53*100 -> 21.240442 | K53: =M19 -> 4 | L53: ='1.DATA KIA'!J53 -> 7 | M53: =K53+L53 -> 11 | N53: =M53/D53*100 -> 9.7908322 | P53: =R19 -> 8 | Q53: ='1.DATA KIA'!M53 -> 10 | R53: =P53+Q53 -> 18 | S53: =R53/D53*100 -> 16.021362 | U53: =W19 -> 1 | V53: ='1.DATA KIA'!Y53 -> 1 | W53: =U53+V53 -> 2 | X53: =W53/(20%*C53)*100 -> 8.4961767 | Z53: =AB19 -> 1 | AA53: ='1.DATA KIA'!Z53 -> 1 | AB53: =Z53+AA53 -> 2 | AC53: =AB53/(20%*C53)*100 -> 8.4961767 | AE53: =AG19 -> 0 | AF53: ='8.ANCTEPADU'!D55+'8.ANCTEPADU'!E55 -> 2 | AG53: =AE53+AF53 -> 2 | AH53: =AG53/C53*100 -> 1.6992353 | AI53: =AK19 -> 1 | AJ53: ='8.ANCTEPADU'!J55 -> 1 | AK53: =AI53+AJ53 -> 2 | AL53: =AK53/C53*100 -> 1.6992353 | AM53: =AO19 -> 8 | AN53: ='1.DATA KIA'!AG53 -> 6 | AO53: =AN53+AM53 -> 14 | AP53: =AO53/E53*100 -> #DIV/0! | AR53: =AT19 -> 8 | AS53: ='1.DATA KIA'!AB53 -> 6 | AT53: =AS53+AR53 -> 14 | AU53: =AT53/D53*100 -> 12.461059 | AW53: =AY19 -> 4 | AX53: ='1.DATA KIA'!AF53 -> 1 | AY53: =AW53+AX53 -> 5 | AZ53: =AY53/(20%*C53)*100 -> 21.240442
A54: 12 | B54: =PETUNJUK!B20 -> Gerdu | C54: ='1.DATA KIA'!C54 -> 23.1 | D54: ='1.DATA KIA'!D54 -> 22.05 | E54: =E20 -> 0 | F54: =H20 -> 1 | G54: ='1.DATA KIA'!F54 -> 1 | H54: =F54+G54 -> 2 | I54: =H54/C54*100 -> 8.6580087 | K54: =M20 -> 3 | L54: ='1.DATA KIA'!J54 -> 2 | M54: =K54+L54 -> 5 | N54: =M54/D54*100 -> 22.675737 | P54: =R20 -> 2 | Q54: ='1.DATA KIA'!M54 -> 1 | R54: =P54+Q54 -> 3 | S54: =R54/D54*100 -> 13.605442 | U54: =W20 -> 0 | V54: ='1.DATA KIA'!Y54 -> 0 | W54: =U54+V54 -> 0 | X54: =W54/(20%*C54)*100 -> 0 | Z54: =AB20 -> 0 | AA54: ='1.DATA KIA'!Z54 -> 1 | AB54: =Z54+AA54 -> 1 | AC54: =AB54/(20%*C54)*100 -> 21.645022 | AE54: =AG20 -> 0 | AF54: ='8.ANCTEPADU'!D56+'8.ANCTEPADU'!E56 -> 0 | AG54: =AE54+AF54 -> 0 | AH54: =AG54/C54*100 -> 0 | AI54: =AK20 -> 0 | AJ54: ='8.ANCTEPADU'!J56 -> 0 | AK54: =AI54+AJ54 -> 0 | AL54: =AK54/C54*100 -> 0 | AM54: =AO20 -> 2 | AN54: ='1.DATA KIA'!AG54 -> 1 | AO54: =AN54+AM54 -> 3 | AP54: =AO54/E54*100 -> #DIV/0! | AR54: =AT20 -> 2 | AS54: ='1.DATA KIA'!AB54 -> 1 | AT54: =AS54+AR54 -> 3 | AU54: =AT54/D54*100 -> 13.605442 | AW54: =AY20 -> 1 | AX54: ='1.DATA KIA'!AF54 -> 0 | AY54: =AW54+AX54 -> 1 | AZ54: =AY54/(20%*C54)*100 -> 21.645022
... A57: 15 | B57: =PETUNJUK!B23 -> 0 | C57: ='1.DATA KIA'!C57 -> 0 | D57: ='1.DATA KIA'!D57 -> 0 | E57: =E23 -> 0 | F57: =H23 -> 0 | G57: ='1.DATA KIA'!F57 -> 0 | H57: =F57+G57 -> 0 | I57: =H57/C57*100 -> #DIV/0! | K57: =M23 -> 0 | L57: ='1.DATA KIA'!J57 -> 0 | M57: =K57+L57 -> 0 | N57: =M57/D57*100 -> #DIV/0! | P57: =R23 -> 0 | Q57: ='1.DATA KIA'!M57 -> 0 | R57: =P57+Q57 -> 0 | S57: =R57/D57*100 -> #DIV/0! | U57: =W23 -> 0 | V57: ='1.DATA KIA'!Y57 -> 0 | W57: =U57+V57 -> 0 | X57: =W57/(20%*C57)*100 -> #DIV/0! | Z57: =AB23 -> 0 | AA57: ='1.DATA KIA'!Z57 -> 0 | AB57: =Z57+AA57 -> 0 | AC57: =AB57/(20%*C57)*100 -> #DIV/0! | AE57: =AG23 -> 0 | AF57: ='8.ANCTEPADU'!D59+'8.ANCTEPADU'!E59 -> 0 | AG57: =AE57+AF57 -> 0 | AH57: =AG57/C57*100 -> #DIV/0! | AI57: =AK23 -> 0 | AJ57: ='8.ANCTEPADU'!J59 -> 0 | AK57: =AI57+AJ57 -> 0 | AL57: =AK57/C57*100 -> #DIV/0! | AM57: =AO23 -> 0 | AN57: ='1.DATA KIA'!AG57 -> 0 | AO57: =AN57+AM57 -> 0 | AP57: =AO57/E57*100 -> #DIV/0! | AR57: =AT23 -> 0 | AS57: ='1.DATA KIA'!AB57 -> 0 | AT57: =AS57+AR57 -> 0 | AU57: =AT57/D57*100 -> #DIV/0! | AW57: =AY23 -> 0 | AX57: ='1.DATA KIA'!AF57 -> 0 | AY57: =AW57+AX57 -> 0 | AZ57: =AY57/(20%*C57)*100 -> #DIV/0!
A58: 16 | B58: =PETUNJUK!B24 -> 0 | C58: ='1.DATA KIA'!C58 -> 0 | D58: ='1.DATA KIA'!D58 -> 0 | E58: =E24 -> 0 | F58: =H24 -> 0 | G58: ='1.DATA KIA'!F58 -> 0 | H58: =F58+G58 -> 0 | I58: =H58/C58*100 -> #DIV/0! | K58: =L24 -> 0 | L58: ='1.DATA KIA'!J58 -> 0 | M58: =M24+L58 -> 0 | N58: =M58/D58*100 -> #DIV/0! | P58: =Q24 -> 0 | Q58: ='1.DATA KIA'!M58 -> 0 | R58: =R24+Q58 -> 0 | S58: =R58/D58*100 -> #DIV/0! | U58: =W24 -> 0 | V58: ='1.DATA KIA'!Y58 -> 0 | W58: =U58+V58 -> 0 | X58: =W58/(20%*C58)*100 -> #DIV/0! | Z58: =AB24 -> 0 | AA58: ='1.DATA KIA'!Z58 -> 0 | AB58: =Z58+AA58 -> 0 | AC58: =AB58/(20%*C58)*100 -> #DIV/0! | AE58: =AG24 -> 0 | AF58: ='8.ANCTEPADU'!D60+'8.ANCTEPADU'!E60 -> 0 | AG58: =AE58+AF58 -> 0 | AH58: =AG58/C58*100 -> #DIV/0! | AI58: =AK24 -> 0 | AJ58: ='8.ANCTEPADU'!J60 -> 0 | AK58: =AI58+AJ58 -> 0 | AL58: =AK58/C58*100 -> #DIV/0! | AM58: =AO24 -> 0 | AN58: ='1.DATA KIA'!AG58 -> 0 | AO58: =AN58+AM58 -> 0 | AP58: =AO58/E58*100 -> #DIV/0! | AR58: =AT24 -> 0 | AS58: ='1.DATA KIA'!AB58 -> 0 | AT58: =AS58+AR58 -> 0 | AU58: =AT58/D58*100 -> #DIV/0! | AW58: =AY24 -> 0 | AX58: ='1.DATA KIA'!AF58 -> 0 | AY58: =AW58+AX58 -> 0 | AZ58: =AY58/(20%*C58)*100 -> #DIV/0!
A59: 17 | B59: =PETUNJUK!B25 -> 0 | C59: ='1.DATA KIA'!C59 -> 0 | D59: ='1.DATA KIA'!D59 -> 0 | E59: =E25 -> 0 | F59: =H25 -> 0 | G59: ='1.DATA KIA'!F59 -> 0 | H59: =F59+G59 -> 0 | I59: =H59/C59*100 -> #DIV/0! | K59: =L25 -> 0 | L59: ='1.DATA KIA'!J59 -> 0 | M59: =M25+L59 -> 0 | N59: =M59/D59*100 -> #DIV/0! | P59: =Q25 -> 0 | Q59: ='1.DATA KIA'!M59 -> 0 | R59: =R25+Q59 -> 0 | S59: =R59/D59*100 -> #DIV/0! | U59: =W25 -> 0 | V59: ='1.DATA KIA'!Y59 -> 0 | W59: =U59+V59 -> 0 | X59: =W59/(20%*C59)*100 -> #DIV/0! | Z59: =AB25 -> 0 | AA59: ='1.DATA KIA'!Z59 -> 0 | AB59: =Z59+AA59 -> 0 | AC59: =AB59/(20%*C59)*100 -> #DIV/0! | AE59: =AG25 -> 0 | AF59: ='8.ANCTEPADU'!D61+'8.ANCTEPADU'!E61 -> 0 | AG59: =AE59+AF59 -> 0 | AH59: =AG59/C59*100 -> #DIV/0! | AI59: =AK25 -> 0 | AJ59: ='8.ANCTEPADU'!J61 -> 0 | AK59: =AI59+AJ59 -> 0 | AL59: =AK59/C59*100 -> #DIV/0! | AM59: =AO25 -> 0 | AN59: ='1.DATA KIA'!AG59 -> 0 | AO59: =AN59+AM59 -> 0 | AP59: =AO59/E59*100 -> #DIV/0! | AR59: =AT25 -> 0 | AS59: ='1.DATA KIA'!AB59 -> 0 | AT59: =AS59+AR59 -> 0 | AU59: =AT59/D59*100 -> #DIV/0! | AW59: =AY25 -> 0 | AX59: ='1.DATA KIA'!AF59 -> 0 | AY59: =AW59+AX59 -> 0 | AZ59: =AY59/(20%*C59)*100 -> #DIV/0!
A60: 18 | B60: =PETUNJUK!B26 -> 0 | C60: ='1.DATA KIA'!C60 -> 0 | D60: ='1.DATA KIA'!D60 -> 0 | E60: =E26 -> 0 | F60: =H26 -> 0 | G60: ='1.DATA KIA'!F60 -> 0 | H60: =F60+G60 -> 0 | I60: =H60/C60*100 -> #DIV/0! | K60: =L26 -> 0 | L60: ='1.DATA KIA'!J60 -> 0 | M60: =M26+L60 -> 0 | N60: =M60/D60*100 -> #DIV/0! | P60: =Q26 -> 0 | Q60: ='1.DATA KIA'!M60 -> 0 | R60: =R26+Q60 -> 0 | S60: =R60/D60*100 -> #DIV/0! | U60: =W26 -> 0 | V60: ='1.DATA KIA'!Y60 -> 0 | W60: =U60+V60 -> 0 | X60: =W60/(20%*C60)*100 -> #DIV/0! | Z60: =AB26 -> 0 | AA60: ='1.DATA KIA'!Z60 -> 0 | AB60: =Z60+AA60 -> 0 | AC60: =AB60/(20%*C60)*100 -> #DIV/0! | AE60: =AG26 -> 0 | AF60: ='8.ANCTEPADU'!D62+'8.ANCTEPADU'!E62 -> 0 | AG60: =AE60+AF60 -> 0 | AH60: =AG60/C60*100 -> #DIV/0! | AI60: =AK26 -> 0 | AJ60: ='8.ANCTEPADU'!J62 -> 0 | AK60: =AI60+AJ60 -> 0 | AL60: =AK60/C60*100 -> #DIV/0! | AM60: =AO26 -> 0 | AN60: ='1.DATA KIA'!AG60 -> 0 | AO60: =AN60+AM60 -> 0 | AP60: =AO60/E60*100 -> #DIV/0! | AR60: =AT26 -> 0 | AS60: ='1.DATA KIA'!AB60 -> 0 | AT60: =AS60+AR60 -> 0 | AU60: =AT60/D60*100 -> #DIV/0! | AW60: =AY26 -> 0 | AX60: ='1.DATA KIA'!AF60 -> 0 | AY60: =AW60+AX60 -> 0 | AZ60: =AY60/(20%*C60)*100 -> #DIV/0!
A61: 19 | B61: =PETUNJUK!B27 -> 0 | C61: ='1.DATA KIA'!C61 -> 0 | D61: ='1.DATA KIA'!D61 -> 0 | E61: =E27 -> 0 | F61: =H27 -> 0 | G61: ='1.DATA KIA'!F61 -> 0 | H61: =F61+G61 -> 0 | I61: =H61/C61*100 -> #DIV/0! | K61: =L27 -> 0 | L61: ='1.DATA KIA'!J61 -> 0 | M61: =M27+L61 -> 0 | N61: =M61/D61*100 -> #DIV/0! | P61: =Q27 -> 0 | Q61: ='1.DATA KIA'!M61 -> 0 | R61: =R27+Q61 -> 0 | S61: =R61/D61*100 -> #DIV/0! | U61: =W27 -> 0 | V61: ='1.DATA KIA'!Y61 -> 0 | W61: =U61+V61 -> 0 | X61: =W61/(20%*C61)*100 -> #DIV/0! | Z61: =AB27 -> 0 | AA61: ='1.DATA KIA'!Z61 -> 0 | AB61: =Z61+AA61 -> 0 | AC61: =AB61/(20%*C61)*100 -> #DIV/0! | AE61: =AG27 -> 0 | AF61: ='8.ANCTEPADU'!D63+'8.ANCTEPADU'!E63 -> 0 | AG61: =AE61+AF61 -> 0 | AH61: =AG61/C61*100 -> #DIV/0! | AI61: =AK27 -> 0 | AJ61: ='8.ANCTEPADU'!J63 -> 0 | AK61: =AI61+AJ61 -> 0 | AL61: =AK61/C61*100 -> #DIV/0! | AM61: =AO27 -> 0 | AN61: ='1.DATA KIA'!AG61 -> 0 | AO61: =AN61+AM61 -> 0 | AP61: =AO61/E61*100 -> #DIV/0! | AR61: =AT27 -> 0 | AS61: ='1.DATA KIA'!AB61 -> 0 | AT61: =AS61+AR61 -> 0 | AU61: =AT61/D61*100 -> #DIV/0! | AW61: =AY27 -> 0 | AX61: ='1.DATA KIA'!AF61 -> 0 | AY61: =AW61+AX61 -> 0 | AZ61: =AY61/(20%*C61)*100 -> #DIV/0!
A62: 20 | B62: =PETUNJUK!B28 -> 0 | C62: ='1.DATA KIA'!C62 -> 0 | D62: ='1.DATA KIA'!D62 -> 0 | E62: =E28 -> 0 | F62: =H28 -> 0 | G62: ='1.DATA KIA'!F62 -> 0 | H62: =F62+G62 -> 0 | I62: =H62/C62*100 -> #DIV/0! | K62: =L28 -> 0 | L62: ='1.DATA KIA'!J62 -> 0 | M62: =M28+L62 -> 0 | N62: =M62/D62*100 -> #DIV/0! | P62: =Q28 -> 0 | Q62: ='1.DATA KIA'!M62 -> 0 | R62: =R28+Q62 -> 0 | S62: =R62/D62*100 -> #DIV/0! | U62: =W28 -> 0 | V62: ='1.DATA KIA'!Y62 -> 0 | W62: =U62+V62 -> 0 | X62: =W62/(20%*C62)*100 -> #DIV/0! | Z62: =AB28 -> 0 | AA62: ='1.DATA KIA'!Z62 -> 0 | AB62: =Z62+AA62 -> 0 | AC62: =AB62/(20%*C62)*100 -> #DIV/0! | AE62: =AG28 -> 0 | AF62: ='8.ANCTEPADU'!D64+'8.ANCTEPADU'!E64 -> 0 | AG62: =AE62+AF62 -> 0 | AH62: =AG62/C62*100 -> #DIV/0! | AI62: =AK28 -> 0 | AJ62: ='8.ANCTEPADU'!J64 -> 0 | AK62: =AI62+AJ62 -> 0 | AL62: =AK62/C62*100 -> #DIV/0! | AM62: =AO28 -> 0 | AN62: ='1.DATA KIA'!AG62 -> 0 | AO62: =AN62+AM62 -> 0 | AP62: =AO62/E62*100 -> #DIV/0! | AR62: =AT28 -> 0 | AS62: ='1.DATA KIA'!AB62 -> 0 | AT62: =AS62+AR62 -> 0 | AU62: =AT62/D62*100 -> #DIV/0! | AW62: =AY28 -> 0 | AX62: ='1.DATA KIA'!AF62 -> 0 | AY62: =AW62+AX62 -> 0 | AZ62: =AY62/(20%*C62)*100 -> #DIV/0!
A63: 21 | B63: =PETUNJUK!B29 -> 0 | C63: ='1.DATA KIA'!C63 -> 0 | D63: ='1.DATA KIA'!D63 -> 0 | E63: =E29 -> 0 | F63: =H29 -> 0 | G63: ='1.DATA KIA'!F63 -> 0 | H63: =F63+G63 -> 0 | I63: =H63/C63*100 -> #DIV/0! | K63: =L29 -> 0 | L63: ='1.DATA KIA'!J63 -> 0 | M63: =M29+L63 -> 0 | N63: =M63/D63*100 -> #DIV/0! | P63: =Q29 -> 0 | Q63: ='1.DATA KIA'!M63 -> 0 | R63: =R29+Q63 -> 0 | S63: =R63/D63*100 -> #DIV/0! | U63: =W29 -> 0 | V63: ='1.DATA KIA'!Y67 -> 0 | W63: =U63+V63 -> 0 | X63: =W63/(20%*C63)*100 -> #DIV/0! | Z63: =AB29 -> 0 | AA63: ='1.DATA KIA'!Z67 -> 0 | AB63: =Z63+AA63 -> 0 | AC63: =AB63/(20%*C63)*100 -> #DIV/0! | AE63: =AG29 -> 0 | AF63: ='8.ANCTEPADU'!D65+'8.ANCTEPADU'!E65 -> 0 | AG63: =AE63+AF63 -> 0 | AH63: =AG63/C63*100 -> #DIV/0! | AI63: =AK29 -> 0 | AJ63: ='8.ANCTEPADU'!J65 -> 0 | AK63: =AI63+AJ63 -> 0 | AL63: =AK63/C63*100 -> #DIV/0! | AM63: =AO29 -> 0 | AN63: ='1.DATA KIA'!AG63 -> 0 | AO63: =AN63+AM63 -> 0 | AP63: =AO63/E63*100 -> #DIV/0! | AR63: =AT29 -> 0 | AS63: ='1.DATA KIA'!AB63 -> 0 | AT63: =AS63+AR63 -> 0 | AU63: =AT63/D63*100 -> #DIV/0! | AW63: =AY29 -> 0 | AX63: ='1.DATA KIA'!AF63 -> 0 | AY63: =AW63+AX63 -> 0 | AZ63: =AY63/(20%*C63)*100 -> #DIV/0!
A64: 22 | B64: =PETUNJUK!B30 -> 0 | C64: ='1.DATA KIA'!C64 -> 0 | D64: ='1.DATA KIA'!D64 -> 0 | E64: =E30 -> 0 | F64: =H30 -> 0 | G64: ='1.DATA KIA'!F64 -> 0 | H64: =F64+G64 -> 0 | I64: =H64/C64*100 -> #DIV/0! | K64: =L30 -> 0 | L64: ='1.DATA KIA'!J64 -> 0 | M64: =M30+L64 -> 0 | N64: =M64/D64*100 -> #DIV/0! | P64: =Q30 -> 0 | Q64: ='1.DATA KIA'!M64 -> 0 | R64: =R30+Q64 -> 0 | S64: =R64/D64*100 -> #DIV/0! | U64: =W30 -> 0 | V64: ='1.DATA KIA'!Y64 -> 0 | W64: =U64+V64 -> 0 | X64: =W64/(20%*C64)*100 -> #DIV/0! | Z64: =AB30 -> 0 | AA64: ='1.DATA KIA'!Z64 -> 0 | AB64: =Z64+AA64 -> 0 | AC64: =AB64/(20%*C64)*100 -> #DIV/0! | AE64: =AG30 -> 0 | AF64: ='8.ANCTEPADU'!D66+'8.ANCTEPADU'!E66 -> 0 | AG64: =AE64+AF64 -> 0 | AH64: =AG64/C64*100 -> #DIV/0! | AI64: =AK30 -> 0 | AJ64: ='8.ANCTEPADU'!J66 -> 0 | AK64: =AI64+AJ64 -> 0 | AL64: =AK64/C64*100 -> #DIV/0! | AM64: =AO30 -> 0 | AN64: ='1.DATA KIA'!AG64 -> 0 | AO64: =AN64+AM64 -> 0 | AP64: =AO64/E64*100 -> #DIV/0! | AR64: =AT30 -> 0 | AS64: ='1.DATA KIA'!AB64 -> 0 | AT64: =AS64+AR64 -> 0 | AU64: =AT64/D64*100 -> #DIV/0! | AW64: =AY30 -> 0 | AX64: ='1.DATA KIA'!AF64 -> 0 | AY64: =AW64+AX64 -> 0 | AZ64: =AY64/(20%*C64)*100 -> #DIV/0!
B65: JUMLAH | C65: =SUM(C43:C64) -> 1067 | D65: =SUM(D43:D64) -> 1018.5 | E65: =SUM(E43:E64) -> 0 | F65: =SUM(F43:F64) -> 101 | G65: =SUM(G43:G64) -> 85 | H65: =SUM(H43:H64) -> 186 | I65: =H65/C65*100 -> 17.432052 | J65: =SUM(J43:J64) -> 0 | K65: =SUM(K43:K64) -> 72 | L65: =SUM(L43:L64) -> 70 | M65: =SUM(M43:M64) -> 142 | N65: =M65/D65*100 -> 13.942072 | O65: =SUM(O43:O64) -> 0 | P65: =SUM(P43:P64) -> 88 | Q65: =SUM(Q43:Q64) -> 79 | R65: =SUM(R43:R64) -> 167 | S65: =R65/D65*100 -> 16.396662 | T65: =SUM(T43:T64) -> 0 | U65: =SUM(U43:U64) -> 18 | V65: =SUM(V43:V64) -> 19 | W65: =SUM(W43:W64) -> 37 | X65: =W65/(20%*C65)*100 -> 17.338332 | Y65: =SUM(Y43:Y64) -> 0 | Z65: =SUM(Z43:Z64) -> 11 | AA65: =SUM(AA43:AA64) -> 15 | AB65: =SUM(AB43:AB64) -> 26 | AC65: =AB65/(20%*C65)*100 -> 12.183693 | AD65: =SUM(AD43:AD64) -> 0 | AE65: =SUM(AE43:AE64) -> 10 | AF65: =SUM(AF43:AF64) -> 10 | AG65: =SUM(AG43:AG64) -> 20 | AH65: =AG65/C65*100 -> 1.8744142 | AI65: =SUM(AI43:AI64) -> 12 | AJ65: =SUM(AJ43:AJ64) -> 13 | AK65: =SUM(AK43:AK64) -> 25 | AL65: =AK65/C65*100 -> 2.3430178 | AM65: =SUM(AM43:AM64) -> 90 | AN65: =SUM(AN43:AN64) -> 67 | AO65: =SUM(AO43:AO64) -> 157 | AP65: =AO65/E65*100 -> #DIV/0! | AQ65: =SUM(AQ43:AQ64) -> 0 | AR65: =SUM(AR43:AR64) -> 90 | AS65: =SUM(AS43:AS64) -> 68 | AT65: =SUM(AT43:AT64) -> 158 | AU65: =AT65/D65*100 -> 15.513009 | AV65: =SUM(AV43:AV64) -> 0 | AW65: =SUM(AW43:AW64) -> 16 | AX65: =SUM(AX43:AX64) -> 19 | AY65: =SUM(AY43:AY64) -> 35 | AZ65: =AY65/(20%*C65)*100 -> 16.401125
A71: LAPORAN PWS KIA
B72: PUSKESMAS : | C72: =PETUNJUK!C5 -> PECANGAAN
B73: BULAN : | C73: ='1.DATA KIA'!C72 -> MARET
A75: NO | B75: DESA | C75: SASARAN | F75: K 1 | K75: K 4 | P75: K 6 | U75: DETEKSI RESIKO TINGGI | AE75: BUMIL | AM75: NEONATUS | AR75: PERSALINAN OLEH NAKES | AW75: KOMPLIKASI DITANGANI
C76: BUMIL | D76: BULIN | E76: BAYI | F76: BLN LALU | G76: BLN INI | H76: KUM | J76: RANGKING | K76: BLN LALU | L76: BLN INI | M76: KUM | O76: RANGKING | P76: BLN LALU | Q76: BLN INI | R76: KUM | T76: RANGKING | U76: OLEH NAKES | Z76: OLEH MASYARAKAT | AE76: ANEMIA | AI76: KEK | AM76: BLN. LALU | AN76: BLN. INI | AO76: ABS | AP76: % | AQ76: RANGKING | AR76: BLN. LALU | AS76: BLN. INI | AT76: ABS | AU76: % | AV76: RANGKING | AW76: BLN. LALU | AX76: BLN. INI | AY76: ABS | AZ76: % | BA76: RANGKING
H77: ABS | I77: % | M77: ABS | N77: % | R77: ABS | S77: % | U77: BLN LALU | V77: BLN INI | W77: KUM | Y77: RANGKING | Z77: BLN LALU | AA77: BLN INI | AB77: KUM | AD77: RANGKING | AE77: < 11 MG | AI77: <23,5
W78: ABS | X78: % | AB78: ABS | AC78: % | AE78: BLN LALU | AF78: BLN INI | AG78: ABS | AH78: % | AI78: BLN LALU | AJ78: BLN INI | AK78: ABS | AL78: %
A79: 1 | B79: =PETUNJUK!B9 -> Pecangaan Kulon | C79: ='1.DATA KIA'!C77 -> 101.2 | D79: ='1.DATA KIA'!D77 -> 96.6 | E79: =E9 -> 0 | F79: =H43 -> 15 | G79: ='1.DATA KIA'!F77 -> 7 | H79: =F79+G79 -> 22 | I79: =H79/C79*100 -> 21.73913 | K79: =M43 -> 13 | L79: ='1.DATA KIA'!J77 -> 8 | M79: =K79+L79 -> 21 | N79: =M79/D79*100 -> 21.73913 | P79: =R43 -> 16 | Q79: ='1.DATA KIA'!M77 -> 6 | R79: =P79+Q79 -> 22 | S79: =R79/D79*100 -> 22.774327 | U79: =W43 -> 6 | V79: ='1.DATA KIA'!Y77 -> 2 | W79: =U79+V79 -> 8 | X79: =W79/(20%*C79)*100 -> 39.525692 | Z79: =AB43 -> 3 | AA79: ='1.DATA KIA'!Z77 -> 2 | AB79: =Z79+AA79 -> 5 | AC79: =AB79/(20%*C79)*100 -> 24.703557 | AE79: =AG43 -> 3 | AF79: ='8.ANCTEPADU'!D80+'8.ANCTEPADU'!E80 -> 0 | AG79: =AE79+AF79 -> 3 | AH79: =AG79/C79*100 -> 2.9644269 | AI79: =AK43 -> 0 | AJ79: ='8.ANCTEPADU'!J80 -> 1 | AK79: =AI79+AJ79 -> 1 | AL79: =AK79/C79*100 -> 0.98814229 | AM79: =AO43 -> 17 | AN79: ='1.DATA KIA'!AG77 -> 6 | AO79: =AN79+AM79 -> 23 | AP79: =AO79/E79*100 -> #DIV/0! | AR79: =AT43 -> 17 | AS79: ='1.DATA KIA'!AB77 -> 6 | AT79: =AS79+AR79 -> 23 | AU79: =AT79/D79*100 -> 23.809524 | AW79: =AY43 -> 5 | AX79: ='1.DATA KIA'!AF77 -> 1 | AY79: =AW79+AX79 -> 6 | AZ79: =AY79/(20%*C79)*100 -> 29.644269
A80: 2 | B80: =PETUNJUK!B10 -> Rengging | C80: ='1.DATA KIA'!C78 -> 111.1 | D80: ='1.DATA KIA'!D78 -> 106.05 | E80: =E10 -> 0 | F80: =H44 -> 29 | G80: ='1.DATA KIA'!F78 -> 6 | H80: =F80+G80 -> 35 | I80: =H80/C80*100 -> 31.50315 | K80: =M44 -> 13 | L80: ='1.DATA KIA'!J78 -> 3 | M80: =K80+L80 -> 16 | N80: =M80/D80*100 -> 15.087223 | P80: =R44 -> 26 | Q80: ='1.DATA KIA'!M78 -> 2 | R80: =P80+Q80 -> 28 | S80: =R80/D80*100 -> 26.40264 | U80: =W44 -> 5 | V80: ='1.DATA KIA'!Y78 -> 2 | W80: =U80+V80 -> 7 | X80: =W80/(20%*C80)*100 -> 31.50315 | Z80: =AB44 -> 3 | AA80: ='1.DATA KIA'!Z78 -> 1 | AB80: =Z80+AA80 -> 4 | AC80: =AB80/(20%*C80)*100 -> 18.0018 | AE80: =AG44 -> 3 | AF80: ='8.ANCTEPADU'!D81+'8.ANCTEPADU'!E81 -> 3 | AG80: =AE80+AF80 -> 6 | AH80: =AG80/C80*100 -> 5.4005401 | AI80: =AK44 -> 6 | AJ80: ='8.ANCTEPADU'!J81 -> 0 | AK80: =AI80+AJ80 -> 6 | AL80: =AK80/C80*100 -> 5.4005401 | AM80: =AO44 -> 18 | AN80: ='1.DATA KIA'!AG78 -> 8 | AO80: =AN80+AM80 -> 26 | AP80: =AO80/E80*100 -> #DIV/0! | AR80: =AT44 -> 18 | AS80: ='1.DATA KIA'!AB78 -> 7 | AT80: =AS80+AR80 -> 25 | AU80: =AT80/D80*100 -> 23.573786 | AW80: =AY44 -> 2 | AX80: ='1.DATA KIA'!AF78 -> 1 | AY80: =AW80+AX80 -> 3 | AZ80: =AY80/(20%*C80)*100 -> 13.50135
A81: 3 | B81: =PETUNJUK!B11 -> Troso | C81: ='1.DATA KIA'!C79 -> 205.7 | D81: ='1.DATA KIA'!D79 -> 196.35 | E81: =E11 -> 0 | F81: =H45 -> 35 | G81: ='1.DATA KIA'!F79 -> 17 | H81: =F81+G81 -> 52 | I81: =H81/C81*100 -> 25.279533 | K81: =M45 -> 28 | L81: ='1.DATA KIA'!J79 -> 17 | M81: =K81+L81 -> 45 | N81: =M81/D81*100 -> 22.918258 | P81: =R45 -> 39 | Q81: ='1.DATA KIA'!M79 -> 18 | R81: =P81+Q81 -> 57 | S81: =R81/D81*100 -> 29.029794 | U81: =W45 -> 7 | V81: ='1.DATA KIA'!Y79 -> 6 | W81: =U81+V81 -> 13 | X81: =W81/(20%*C81)*100 -> 31.599417 | Z81: =AB45 -> 7 | AA81: ='1.DATA KIA'!Z79 -> 4 | AB81: =Z81+AA81 -> 11 | AC81: =AB81/(20%*C81)*100 -> 26.737968 | AE81: =AG45 -> 2 | AF81: ='8.ANCTEPADU'!D82+'8.ANCTEPADU'!E82 -> 1 | AG81: =AE81+AF81 -> 3 | AH81: =AG81/C81*100 -> 1.4584346 | AI81: =AK45 -> 6 | AJ81: ='8.ANCTEPADU'!J82 -> 2 | AK81: =AI81+AJ81 -> 8 | AL81: =AK81/C81*100 -> 3.889159 | AM81: =AO45 -> 34 | AN81: ='1.DATA KIA'!AG79 -> 12 | AO81: =AN81+AM81 -> 46 | AP81: =AO81/E81*100 -> #DIV/0! | AR81: =AT45 -> 34 | AS81: ='1.DATA KIA'!AB79 -> 12 | AT81: =AS81+AR81 -> 46 | AU81: =AT81/D81*100 -> 23.427553 | AW81: =AY45 -> 6 | AX81: ='1.DATA KIA'!AF79 -> 2 | AY81: =AW81+AX81 -> 8 | AZ81: =AY81/(20%*C81)*100 -> 19.445795
A82: 4 | B82: =PETUNJUK!B12 -> Ngeling | C82: ='1.DATA KIA'!C80 -> 95.7 | D82: ='1.DATA KIA'!D80 -> 91.35 | E82: =E12 -> 0 | F82: =H46 -> 11 | G82: ='1.DATA KIA'!F80 -> 10 | H82: =F82+G82 -> 21 | I82: =H82/C82*100 -> 21.943574 | K82: =M46 -> 14 | L82: ='1.DATA KIA'!J80 -> 7 | M82: =K82+L82 -> 21 | N82: =M82/D82*100 -> 22.988506 | P82: =R46 -> 11 | Q82: ='1.DATA KIA'!M80 -> 7 | R82: =P82+Q82 -> 18 | S82: =R82/D82*100 -> 19.704433 | U82: =W46 -> 5 | V82: ='1.DATA KIA'!Y80 -> 1 | W82: =U82+V82 -> 6 | X82: =W82/(20%*C82)*100 -> 31.347962 | Z82: =AB46 -> 5 | AA82: ='1.DATA KIA'!Z80 -> 0 | AB82: =Z82+AA82 -> 5 | AC82: =AB82/(20%*C82)*100 -> 26.123302 | AE82: =AG46 -> 2 | AF82: ='8.ANCTEPADU'!D83+'8.ANCTEPADU'!E83 -> 3 | AG82: =AE82+AF82 -> 5 | AH82: =AG82/C82*100 -> 5.2246604 | AI82: =AK46 -> 4 | AJ82: ='8.ANCTEPADU'!J83 -> 0 | AK82: =AI82+AJ82 -> 4 | AL82: =AK82/C82*100 -> 4.1797283 | AM82: =AO46 -> 16 | AN82: ='1.DATA KIA'!AG80 -> 1 | AO82: =AN82+AM82 -> 17 | AP82: =AO82/E82*100 -> #DIV/0! | AR82: =AT46 -> 16 | AS82: ='1.DATA KIA'!AB80 -> 1 | AT82: =AS82+AR82 -> 17 | AU82: =AT82/D82*100 -> 18.609743 | AW82: =AY46 -> 6 | AX82: ='1.DATA KIA'!AF80 -> 0 | AY82: =AW82+AX82 -> 6 | AZ82: =AY82/(20%*C82)*100 -> 31.347962
A83: 5 | B83: =PETUNJUK!B13 -> Lebuawu | C83: ='1.DATA KIA'!C81 -> 85.8 | D83: ='1.DATA KIA'!D81 -> 81.9 | E83: =E13 -> 0 | F83: =H47 -> 20 | G83: ='1.DATA KIA'!F81 -> 5 | H83: =F83+G83 -> 25 | I83: =H83/C83*100 -> 29.137529 | K83: =M47 -> 12 | L83: ='1.DATA KIA'!J81 -> 6 | M83: =K83+L83 -> 18 | N83: =M83/D83*100 -> 21.978022 | P83: =R47 -> 10 | Q83: ='1.DATA KIA'!M81 -> 4 | R83: =P83+Q83 -> 14 | S83: =R83/D83*100 -> 17.094017 | U83: =W47 -> 3 | V83: ='1.DATA KIA'!Y81 -> 0 | W83: =U83+V83 -> 3 | X83: =W83/(20%*C83)*100 -> 17.482517 | Z83: =AB47 -> 3 | AA83: ='1.DATA KIA'!Z81 -> 0 | AB83: =Z83+AA83 -> 3 | AC83: =AB83/(20%*C83)*100 -> 17.482517 | AE83: =AG47 -> 2 | AF83: ='8.ANCTEPADU'!D84+'8.ANCTEPADU'!E84 -> 0 | AG83: =AE83+AF83 -> 2 | AH83: =AG83/C83*100 -> 2.3310023 | AI83: =AK47 -> 3 | AJ83: ='8.ANCTEPADU'!J84 -> 0 | AK83: =AI83+AJ83 -> 3 | AL83: =AK83/C83*100 -> 3.4965035 | AM83: =AO47 -> 11 | AN83: ='1.DATA KIA'!AG81 -> 4 | AO83: =AN83+AM83 -> 15 | AP83: =AO83/E83*100 -> #DIV/0! | AR83: =AT47 -> 11 | AS83: ='1.DATA KIA'!AB81 -> 4 | AT83: =AS83+AR83 -> 15 | AU83: =AT83/D83*100 -> 18.315018 | AW83: =AY47 -> 0 | AX83: ='1.DATA KIA'!AF81 -> 0 | AY83: =AW83+AX83 -> 0 | AZ83: =AY83/(20%*C83)*100 -> 0
A84: 6 | B84: =PETUNJUK!B14 -> Pulodarat | C84: ='1.DATA KIA'!C82 -> 82.5 | D84: ='1.DATA KIA'!D82 -> 78.75 | E84: =E14 -> 0 | F84: =H48 -> 9 | G84: ='1.DATA KIA'!F82 -> 5 | H84: =F84+G84 -> 14 | I84: =H84/C84*100 -> 16.969697 | K84: =M48 -> 11 | L84: ='1.DATA KIA'!J82 -> 4 | M84: =K84+L84 -> 15 | N84: =M84/D84*100 -> 19.047619 | P84: =R48 -> 11 | Q84: ='1.DATA KIA'!M82 -> 3 | R84: =P84+Q84 -> 14 | S84: =R84/D84*100 -> 17.777778 | U84: =W48 -> 0 | V84: ='1.DATA KIA'!Y82 -> 1 | W84: =U84+V84 -> 1 | X84: =W84/(20%*C84)*100 -> 6.0606061 | Z84: =AB48 -> 0 | AA84: ='1.DATA KIA'!Z82 -> 1 | AB84: =Z84+AA84 -> 1 | AC84: =AB84/(20%*C84)*100 -> 6.0606061 | AE84: =AG48 -> 2 | AF84: ='8.ANCTEPADU'!D85+'8.ANCTEPADU'!E85 -> 0 | AG84: =AE84+AF84 -> 2 | AH84: =AG84/C84*100 -> 2.4242424 | AI84: =AK48 -> 0 | AJ84: ='8.ANCTEPADU'!J85 -> 0 | AK84: =AI84+AJ84 -> 0 | AL84: =AK84/C84*100 -> 0 | AM84: =AO48 -> 11 | AN84: ='1.DATA KIA'!AG82 -> 2 | AO84: =AN84+AM84 -> 13 | AP84: =AO84/E84*100 -> #DIV/0! | AR84: =AT48 -> 11 | AS84: ='1.DATA KIA'!AB82 -> 2 | AT84: =AS84+AR84 -> 13 | AU84: =AT84/D84*100 -> 16.507937 | AW84: =AY48 -> 2 | AX84: ='1.DATA KIA'!AF82 -> 1 | AY84: =AW84+AX84 -> 3 | AZ84: =AY84/(20%*C84)*100 -> 18.181818
A85: 7 | B85: =PETUNJUK!B15 -> Karangrandu | C85: ='1.DATA KIA'!C83 -> 93.5 | D85: ='1.DATA KIA'!D83 -> 89.25 | E85: =E15 -> 0 | F85: =H49 -> 15 | G85: ='1.DATA KIA'!F83 -> 7 | H85: =F85+G85 -> 22 | I85: =H85/C85*100 -> 23.529412 | K85: =M49 -> 13 | L85: ='1.DATA KIA'!J83 -> 5 | M85: =K85+L85 -> 18 | N85: =M85/D85*100 -> 20.168067 | P85: =R49 -> 12 | Q85: ='1.DATA KIA'!M83 -> 7 | R85: =P85+Q85 -> 19 | S85: =R85/D85*100 -> 21.288515 | U85: =W49 -> 5 | V85: ='1.DATA KIA'!Y83 -> 3 | W85: =U85+V85 -> 8 | X85: =W85/(20%*C85)*100 -> 42.780749 | Z85: =AB49 -> 2 | AA85: ='1.DATA KIA'!Z83 -> 2 | AB85: =Z85+AA85 -> 4 | AC85: =AB85/(20%*C85)*100 -> 21.390374 | AE85: =AG49 -> 1 | AF85: ='8.ANCTEPADU'!D86+'8.ANCTEPADU'!E86 -> 1 | AG85: =AE85+AF85 -> 2 | AH85: =AG85/C85*100 -> 2.1390374 | AI85: =AK49 -> 1 | AJ85: ='8.ANCTEPADU'!J86 -> 1 | AK85: =AI85+AJ85 -> 2 | AL85: =AK85/C85*100 -> 2.1390374 | AM85: =AO49 -> 9 | AN85: ='1.DATA KIA'!AG83 -> 9 | AO85: =AN85+AM85 -> 18 | AP85: =AO85/E85*100 -> #DIV/0! | AR85: =AT49 -> 10 | AS85: ='1.DATA KIA'!AB83 -> 9 | AT85: =AS85+AR85 -> 19 | AU85: =AT85/D85*100 -> 21.288515 | AW85: =AY49 -> 2 | AX85: ='1.DATA KIA'!AF83 -> 1 | AY85: =AW85+AX85 -> 3 | AZ85: =AY85/(20%*C85)*100 -> 16.042781
A86: 8 | B86: =PETUNJUK!B16 -> Kaliombo | C86: ='1.DATA KIA'!C84 -> 46.2 | D86: ='1.DATA KIA'!D84 -> 44.1 | E86: =E16 -> 0 | F86: =H50 -> 6 | G86: ='1.DATA KIA'!F84 -> 2 | H86: =F86+G86 -> 8 | I86: =H86/C86*100 -> 17.316017 | K86: =M50 -> 6 | L86: ='1.DATA KIA'!J84 -> 2 | M86: =K86+L86 -> 8 | N86: =M86/D86*100 -> 18.14059 | P86: =R50 -> 6 | Q86: ='1.DATA KIA'!M84 -> 2 | R86: =P86+Q86 -> 8 | S86: =R86/D86*100 -> 18.14059 | U86: =W50 -> 2 | V86: ='1.DATA KIA'!Y84 -> 2 | W86: =U86+V86 -> 4 | X86: =W86/(20%*C86)*100 -> 43.290043 | Z86: =AB50 -> 0 | AA86: ='1.DATA KIA'!Z84 -> 2 | AB86: =Z86+AA86 -> 2 | AC86: =AB86/(20%*C86)*100 -> 21.645022 | AE86: =AG50 -> 0 | AF86: ='8.ANCTEPADU'!D87+'8.ANCTEPADU'!E87 -> 0 | AG86: =AE86+AF86 -> 0 | AH86: =AG86/C86*100 -> 0 | AI86: =AK50 -> 0 | AJ86: ='8.ANCTEPADU'!J87 -> 0 | AK86: =AI86+AJ86 -> 0 | AL86: =AK86/C86*100 -> 0 | AM86: =AO50 -> 6 | AN86: ='1.DATA KIA'!AG84 -> 2 | AO86: =AN86+AM86 -> 8 | AP86: =AO86/E86*100 -> #DIV/0! | AR86: =AT50 -> 6 | AS86: ='1.DATA KIA'!AB84 -> 2 | AT86: =AS86+AR86 -> 8 | AU86: =AT86/D86*100 -> 18.14059 | AW86: =AY50 -> 3 | AX86: ='1.DATA KIA'!AF84 -> 1 | AY86: =AW86+AX86 -> 4 | AZ86: =AY86/(20%*C86)*100 -> 43.290043
A87: 9 | B87: =PETUNJUK!B17 -> Gemulung | C87: ='1.DATA KIA'!C85 -> 53.9 | D87: ='1.DATA KIA'!D85 -> 51.45 | E87: =E17 -> 0 | F87: =H51 -> 9 | G87: ='1.DATA KIA'!F85 -> 5 | H87: =F87+G87 -> 14 | I87: =H87/C87*100 -> 25.974026 | K87: =M51 -> 9 | L87: ='1.DATA KIA'!J85 -> 5 | M87: =K87+L87 -> 14 | N87: =M87/D87*100 -> 27.210884 | P87: =R51 -> 10 | Q87: ='1.DATA KIA'!M85 -> 5 | R87: =P87+Q87 -> 15 | S87: =R87/D87*100 -> 29.154519 | U87: =W51 -> 0 | V87: ='1.DATA KIA'!Y85 -> 0 | W87: =U87+V87 -> 0 | X87: =W87/(20%*C87)*100 -> 0 | Z87: =AB51 -> 0 | AA87: ='1.DATA KIA'!Z85 -> 0 | AB87: =Z87+AA87 -> 0 | AC87: =AB87/(20%*C87)*100 -> 0 | AE87: =AG51 -> 3 | AF87: ='8.ANCTEPADU'!D88+'8.ANCTEPADU'!E88 -> 0 | AG87: =AE87+AF87 -> 3 | AH87: =AG87/C87*100 -> 5.5658627 | AI87: =AK51 -> 0 | AJ87: ='8.ANCTEPADU'!J88 -> 0 | AK87: =AI87+AJ87 -> 0 | AL87: =AK87/C87*100 -> 0 | AM87: =AO51 -> 8 | AN87: ='1.DATA KIA'!AG85 -> 8 | AO87: =AN87+AM87 -> 16 | AP87: =AO87/E87*100 -> #DIV/0! | AR87: =AT51 -> 8 | AS87: ='1.DATA KIA'!AB85 -> 8 | AT87: =AS87+AR87 -> 16 | AU87: =AT87/D87*100 -> 31.098154 | AW87: =AY51 -> 2 | AX87: ='1.DATA KIA'!AF85 -> 4 | AY87: =AW87+AX87 -> 6 | AZ87: =AY87/(20%*C87)*100 -> 55.658627
A88: 10 | B88: =PETUNJUK!B18 -> Pecangaan Wetan | C88: ='1.DATA KIA'!C86 -> 50.6 | D88: ='1.DATA KIA'!D86 -> 48.3 | E88: =E18 -> 0 | F88: =H52 -> 10 | G88: ='1.DATA KIA'!F86 -> 2 | H88: =F88+G88 -> 12 | I88: =H88/C88*100 -> 23.715415 | K88: =M52 -> 7 | L88: ='1.DATA KIA'!J86 -> 3 | M88: =K88+L88 -> 10 | N88: =M88/D88*100 -> 20.703934 | P88: =R52 -> 5 | Q88: ='1.DATA KIA'!M86 -> 3 | R88: =P88+Q88 -> 8 | S88: =R88/D88*100 -> 16.563147 | U88: =W52 -> 2 | V88: ='1.DATA KIA'!Y86 -> 1 | W88: =U88+V88 -> 3 | X88: =W88/(20%*C88)*100 -> 29.644269 | Z88: =AB52 -> 0 | AA88: ='1.DATA KIA'!Z86 -> 0 | AB88: =Z88+AA88 -> 0 | AC88: =AB88/(20%*C88)*100 -> 0 | AE88: =AG52 -> 0 | AF88: ='8.ANCTEPADU'!D89+'8.ANCTEPADU'!E89 -> 0 | AG88: =AE88+AF88 -> 0 | AH88: =AG88/C88*100 -> 0 | AI88: =AK52 -> 3 | AJ88: ='8.ANCTEPADU'!J89 -> 2 | AK88: =AI88+AJ88 -> 5 | AL88: =AK88/C88*100 -> 9.8814229 | AM88: =AO52 -> 10 | AN88: ='1.DATA KIA'!AG86 -> 1 | AO88: =AN88+AM88 -> 11 | AP88: =AO88/E88*100 -> #DIV/0! | AR88: =AT52 -> 10 | AS88: ='1.DATA KIA'!AB86 -> 1 | AT88: =AS88+AR88 -> 11 | AU88: =AT88/D88*100 -> 22.774327 | AW88: =AY52 -> 1 | AX88: ='1.DATA KIA'!AF86 -> 0 | AY88: =AW88+AX88 -> 1 | AZ88: =AY88/(20%*C88)*100 -> 9.8814229
A89: 11 | B89: =PETUNJUK!B19 -> Krasak | C89: ='1.DATA KIA'!C87 -> 117.7 | D89: ='1.DATA KIA'!D87 -> 112.35 | E89: =E19 -> 0 | F89: =H53 -> 25 | G89: ='1.DATA KIA'!F87 -> 9 | H89: =F89+G89 -> 34 | I89: =H89/C89*100 -> 28.887001 | K89: =M53 -> 11 | L89: ='1.DATA KIA'!J87 -> 5 | M89: =K89+L89 -> 16 | N89: =M89/D89*100 -> 14.241211 | P89: =R53 -> 18 | Q89: ='1.DATA KIA'!M87 -> 4 | R89: =P89+Q89 -> 22 | S89: =R89/D89*100 -> 19.581664 | U89: =W53 -> 2 | V89: ='1.DATA KIA'!Y87 -> 1 | W89: =U89+V89 -> 3 | X89: =W89/(20%*C89)*100 -> 12.744265 | Z89: =AB53 -> 2 | AA89: ='1.DATA KIA'!Z87 -> 1 | AB89: =Z89+AA89 -> 3 | AC89: =AB89/(20%*C89)*100 -> 12.744265 | AE89: =AG53 -> 2 | AF89: ='8.ANCTEPADU'!D90+'8.ANCTEPADU'!E90 -> 1 | AG89: =AE89+AF89 -> 3 | AH89: =AG89/C89*100 -> 2.548853 | AI89: =AK53 -> 2 | AJ89: ='8.ANCTEPADU'!J90 -> 0 | AK89: =AI89+AJ89 -> 2 | AL89: =AK89/C89*100 -> 1.6992353 | AM89: =AO53 -> 14 | AN89: ='1.DATA KIA'!AG87 -> 6 | AO89: =AN89+AM89 -> 20 | AP89: =AO89/E89*100 -> #DIV/0! | AR89: =AT53 -> 14 | AS89: ='1.DATA KIA'!AB87 -> 6 | AT89: =AS89+AR89 -> 20 | AU89: =AT89/D89*100 -> 17.801513 | AW89: =AY53 -> 5 | AX89: ='1.DATA KIA'!AF87 -> 0 | AY89: =AW89+AX89 -> 5 | AZ89: =AY89/(20%*C89)*100 -> 21.240442
A90: 12 | B90: =PETUNJUK!B20 -> Gerdu | C90: ='1.DATA KIA'!C88 -> 23.1 | D90: ='1.DATA KIA'!D88 -> 22.05 | E90: =E20 -> 0 | F90: =H54 -> 2 | G90: ='1.DATA KIA'!F88 -> 3 | H90: =F90+G90 -> 5 | I90: =H90/C90*100 -> 21.645022 | K90: =M54 -> 5 | L90: ='1.DATA KIA'!J88 -> 0 | M90: =K90+L90 -> 5 | N90: =M90/D90*100 -> 22.675737 | P90: =R54 -> 3 | Q90: ='1.DATA KIA'!M88 -> 3 | R90: =P90+Q90 -> 6 | S90: =R90/D90*100 -> 27.210884 | U90: =W54 -> 0 | V90: ='1.DATA KIA'!Y88 -> 2 | W90: =U90+V90 -> 2 | X90: =W90/(20%*C90)*100 -> 43.290043 | Z90: =AB54 -> 1 | AA90: ='1.DATA KIA'!Z88 -> 0 | AB90: =Z90+AA90 -> 1 | AC90: =AB90/(20%*C90)*100 -> 21.645022 | AE90: =AG54 -> 0 | AF90: ='8.ANCTEPADU'!D91+'8.ANCTEPADU'!E91 -> 0 | AG90: =AE90+AF90 -> 0 | AH90: =AG90/C90*100 -> 0 | AI90: =AK54 -> 0 | AJ90: ='8.ANCTEPADU'!J91 -> 1 | AK90: =AI90+AJ90 -> 1 | AL90: =AK90/C90*100 -> 4.3290043 | AM90: =AO54 -> 3 | AN90: ='1.DATA KIA'!AG88 -> 0 | AO90: =AN90+AM90 -> 3 | AP90: =AO90/E90*100 -> #DIV/0! | AR90: =AT54 -> 3 | AS90: ='1.DATA KIA'!AB88 -> 0 | AT90: =AS90+AR90 -> 3 | AU90: =AT90/D90*100 -> 13.605442 | AW90: =AY54 -> 1 | AX90: ='1.DATA KIA'!AF88 -> 0 | AY90: =AW90+AX90 -> 1 | AZ90: =AY90/(20%*C90)*100 -> 21.645022
... A100: 22 | B100: =PETUNJUK!B30 -> 0 | C100: ='1.DATA KIA'!C98 -> 0 | D100: ='1.DATA KIA'!D98 -> 0 | E100: =E30 -> 0 | F100: =H64 -> 0 | G100: ='1.DATA KIA'!F98 -> 0 | H100: =F100+G100 -> 0 | I100: =H100/C100*100 -> #DIV/0! | K100: =M64 -> 0 | L100: ='1.DATA KIA'!J98 -> 0 | M100: =K100+L100 -> 0 | N100: =M100/D100*100 -> #DIV/0! | P100: =R64 -> 0 | Q100: ='1.DATA KIA'!M98 -> 0 | R100: =P100+Q100 -> 0 | S100: =R100/D100*100 -> #DIV/0! | U100: =W64 -> 0 | V100: ='1.DATA KIA'!Y98 -> 0 | W100: =U100+V100 -> 0 | X100: =W100/(20%*C100)*100 -> #DIV/0! | Z100: =AB64 -> 0 | AA100: ='1.DATA KIA'!Z98 -> 0 | AB100: =Z100+AA100 -> 0 | AC100: =AB100/(20%*C100)*100 -> #DIV/0! | AE100: =AG64 -> 0 | AF100: ='8.ANCTEPADU'!D101+'8.ANCTEPADU'!E101 -> 0 | AG100: =AE100+AF100 -> 0 | AH100: =AG100/C100*100 -> #DIV/0! | AI100: =AK64 -> 0 | AJ100: ='8.ANCTEPADU'!J101 -> 0 | AK100: =AI100+AJ100 -> 0 | AL100: =AK100/C100*100 -> #DIV/0! | AM100: =AO64 -> 0 | AN100: ='1.DATA KIA'!AG98 -> 0 | AO100: =AN100+AM100 -> 0 | AP100: =AO100/E100*100 -> #DIV/0! | AR100: =AT64 -> 0 | AS100: ='1.DATA KIA'!AB98 -> 0 | AT100: =AS100+AR100 -> 0 | AU100: =AT100/D100*100 -> #DIV/0! | AW100: =AY64 -> 0 | AX100: ='1.DATA KIA'!AF98 -> 0 | AY100: =AW100+AX100 -> 0 | AZ100: =AY100/(20%*C100)*100 -> #DIV/0!
B101: JUMLAH | C101: =SUM(C79:C100) -> 1067 | D101: =SUM(D79:D100) -> 1018.5 | E101: =SUM(E79:E100) -> 0 | F101: =SUM(F79:F100) -> 186 | G101: =SUM(G79:G100) -> 78 | H101: =SUM(H79:H100) -> 264 | I101: =H101/C101*100 -> 24.742268 | K101: =SUM(K79:K100) -> 142 | L101: =SUM(L79:L100) -> 65 | M101: =SUM(M79:M100) -> 207 | N101: =M101/D101*100 -> 20.324006 | P101: =SUM(P79:P100) -> 167 | Q101: =SUM(Q79:Q100) -> 64 | R101: =SUM(R79:R100) -> 231 | S101: =R101/D101*100 -> 22.680412 | U101: =SUM(U79:U100) -> 37 | V101: =SUM(V79:V100) -> 21 | W101: =SUM(W79:W100) -> 58 | X101: =W101/(20%*C101)*100 -> 27.179007 | Z101: =SUM(Z79:Z100) -> 26 | AA101: =SUM(AA79:AA100) -> 13 | AB101: =SUM(AB79:AB100) -> 39 | AC101: =AB101/(20%*C101)*100 -> 18.275539 | AE101: =SUM(AE79:AE100) -> 20 | AF101: =SUM(AF79:AF100) -> 9 | AG101: =SUM(AG79:AG100) -> 29 | AH101: =AG101/C101*100 -> 2.7179007 | AI101: =SUM(AI79:AI96) -> 25 | AJ101: =SUM(AJ79:AJ96) -> 7 | AK101: =SUM(AK79:AK96) -> 32 | AL101: =AK101/C101*100 -> 2.9990628 | AM101: =SUM(AM79:AM96) -> 157 | AN101: =SUM(AN79:AN96) -> 59 | AO101: =SUM(AO79:AO96) -> 216 | AP101: =AO101/E101*100 -> #DIV/0! | AR101: =SUM(AR79:AR96) -> 158 | AS101: =SUM(AS79:AS96) -> 58 | AT101: =SUM(AT79:AT96) -> 216 | AU101: =AT101/D101*100 -> 21.207658 | AW101: =SUM(AW79:AW96) -> 35 | AX101: =SUM(AX79:AX96) -> 11 | AY101: =SUM(AY79:AY96) -> 46 | AZ101: =AY101/(20%*C101)*100 -> 21.555764
A107: LAPORAN PWS KIA
B108: PUSKESMAS : | C108: =PETUNJUK!C5 -> PECANGAAN
B109: BULAN : | C109: ='1.DATA KIA'!C106 -> APRIL
A111: NO | B111: DESA | C111: SASARAN | F111: K 1 | K111: K 4 | P111: K 6 | U111: DETEKSI RESIKO TINGGI | AE111: BUMIL | AM111: NEONATUS | AR111: PERSALINAN OLEH NAKES | AW111: KOMPLIKASI DITANGANI
C112: BUMIL | D112: BULIN | E112: BAYI | F112: BLN LALU | G112: BLN INI | H112: KUM | J112: RANGKING | K112: BLN LALU | L112: BLN INI | M112: KUM | O112: RANGKING | P112: BLN LALU | Q112: BLN INI | R112: KUM | T112: RANGKING | U112: OLEH NAKES | Z112: OLEH MASYARAKAT | AE112: ANEMIA | AI112: KEK | AM112: BLN. LALU | AN112: BLN. INI | AO112: ABS | AP112: % | AQ112: RANGKING | AR112: BLN. LALU | AS112: BLN. INI | AT112: ABS | AU112: % | AV112: RANGKING | AW112: BLN. LALU | AX112: BLN. INI | AY112: ABS | AZ112: % | BA112: RANGKING
H113: ABS | I113: % | M113: ABS | N113: % | R113: ABS | S113: % | U113: BLN LALU | V113: BLN INI | W113: KUM | Y113: RANGKING | Z113: BLN LALU | AA113: BLN INI | AB113: KUM | AD113: RANGKING | AE113: < 11 MG | AI113: <23,5
W114: ABS | X114: % | AB114: ABS | AC114: % | AE114: BLN LALU | AF114: BLN INI | AG114: ABS | AH114: % | AI114: BLN LALU | AJ114: BLN INI | AK114: ABS | AL114: %
A115: 1 | B115: =PETUNJUK!B9 -> Pecangaan Kulon | C115: ='1.DATA KIA'!C111 -> 101.2 | D115: ='1.DATA KIA'!D111 -> 96.6 | E115: =E79 -> 0 | F115: =H79 -> 22 | G115: ='1.DATA KIA'!F111 -> 8 | H115: =F115+G115 -> 30 | I115: =H115/C115*100 -> 29.644269 | K115: =M79 -> 21 | L115: ='1.DATA KIA'!J111 -> 7 | M115: =K115+L115 -> 28 | N115: =M115/D115*100 -> 28.985507 | P115: =R79 -> 22 | Q115: ='1.DATA KIA'!M111 -> 7 | R115: =P115+Q115 -> 29 | S115: =R115/D115*100 -> 30.020704 | U115: =W79 -> 8 | V115: ='1.DATA KIA'!Y111 -> 2 | W115: =U115+V115 -> 10 | X115: =W115/(20%*C115)*100 -> 49.407115 | Z115: =AB79 -> 5 | AA115: ='1.DATA KIA'!Z111 -> 1 | AB115: =Z115+AA115 -> 6 | AC115: =AB115/(20%*C115)*100 -> 29.644269 | AE115: =AG79 -> 3 | AF115: ='8.ANCTEPADU'!D115+'8.ANCTEPADU'!E115 -> 0 | AG115: =AE115+AF115 -> 3 | AH115: =AG115/C115*100 -> 2.9644269 | AI115: =AK79 -> 1 | AJ115: ='8.ANCTEPADU'!J115 -> 0 | AK115: =AI115+AJ115 -> 1 | AL115: =AK115/C115*100 -> 0.98814229 | AM115: =AO79 -> 23 | AN115: ='1.DATA KIA'!AG111 -> 6 | AO115: =AN115+AM115 -> 29 | AP115: =AO115/E115*100 -> #DIV/0! | AR115: =AT79 -> 23 | AS115: ='1.DATA KIA'!AB111 -> 6 | AT115: =AS115+AR115 -> 29 | AU115: =AT115/D115*100 -> 30.020704 | AW115: =AY79 -> 6 | AX115: ='1.DATA KIA'!AF111 -> 4 | AY115: =AW115+AX115 -> 10 | AZ115: =AY115/(20%*C115)*100 -> 49.407115
A116: 2 | B116: =PETUNJUK!B10 -> Rengging | C116: ='1.DATA KIA'!C112 -> 111.1 | D116: ='1.DATA KIA'!D112 -> 106.05 | E116: =E80 -> 0 | F116: =H80 -> 35 | G116: ='1.DATA KIA'!F112 -> 19 | H116: =F116+G116 -> 54 | I116: =H116/C116*100 -> 48.60486 | K116: =M80 -> 16 | L116: ='1.DATA KIA'!J112 -> 5 | M116: =K116+L116 -> 21 | N116: =M116/D116*100 -> 19.80198 | P116: =R80 -> 28 | Q116: ='1.DATA KIA'!M112 -> 4 | R116: =P116+Q116 -> 32 | S116: =R116/D116*100 -> 30.174446 | U116: =W80 -> 7 | V116: ='1.DATA KIA'!Y112 -> 1 | W116: =U116+V116 -> 8 | X116: =W116/(20%*C116)*100 -> 36.0036 | Z116: =AB80 -> 4 | AA116: ='1.DATA KIA'!Z112 -> 1 | AB116: =Z116+AA116 -> 5 | AC116: =AB116/(20%*C116)*100 -> 22.50225 | AE116: =AG80 -> 6 | AF116: ='8.ANCTEPADU'!D116+'8.ANCTEPADU'!E116 -> 0 | AG116: =AE116+AF116 -> 6 | AH116: =AG116/C116*100 -> 5.4005401 | AI116: =AK80 -> 6 | AJ116: ='8.ANCTEPADU'!J116 -> 2 | AK116: =AI116+AJ116 -> 8 | AL116: =AK116/C116*100 -> 7.2007201 | AM116: =AO80 -> 26 | AN116: ='1.DATA KIA'!AG112 -> 9 | AO116: =AN116+AM116 -> 35 | AP116: =AO116/E116*100 -> #DIV/0! | AR116: =AT80 -> 25 | AS116: ='1.DATA KIA'!AB112 -> 9 | AT116: =AS116+AR116 -> 34 | AU116: =AT116/D116*100 -> 32.060349 | AW116: =AY80 -> 3 | AX116: ='1.DATA KIA'!AF112 -> 1 | AY116: =AW116+AX116 -> 4 | AZ116: =AY116/(20%*C116)*100 -> 18.0018
A117: 3 | B117: =PETUNJUK!B11 -> Troso | C117: ='1.DATA KIA'!C113 -> 205.7 | D117: ='1.DATA KIA'!D113 -> 196.35 | E117: =E81 -> 0 | F117: =H81 -> 52 | G117: ='1.DATA KIA'!F113 -> 26 | H117: =F117+G117 -> 78 | I117: =H117/C117*100 -> 37.9193 | K117: =M81 -> 45 | L117: ='1.DATA KIA'!J113 -> 19 | M117: =K117+L117 -> 64 | N117: =M117/D117*100 -> 32.594856 | P117: =R81 -> 57 | Q117: ='1.DATA KIA'!M113 -> 21 | R117: =P117+Q117 -> 78 | S117: =R117/D117*100 -> 39.724981 | U117: =W81 -> 13 | V117: ='1.DATA KIA'!Y113 -> 10 | W117: =U117+V117 -> 23 | X117: =W117/(20%*C117)*100 -> 55.90666 | Z117: =AB81 -> 11 | AA117: ='1.DATA KIA'!Z113 -> 0 | AB117: =Z117+AA117 -> 11 | AC117: =AB117/(20%*C117)*100 -> 26.737968 | AE117: =AG81 -> 3 | AF117: ='8.ANCTEPADU'!D117+'8.ANCTEPADU'!E117 -> 0 | AG117: =AE117+AF117 -> 3 | AH117: =AG117/C117*100 -> 1.4584346 | AI117: =AK81 -> 8 | AJ117: ='8.ANCTEPADU'!J117 -> 3 | AK117: =AI117+AJ117 -> 11 | AL117: =AK117/C117*100 -> 5.3475936 | AM117: =AO81 -> 46 | AN117: ='1.DATA KIA'!AG113 -> 14 | AO117: =AN117+AM117 -> 60 | AP117: =AO117/E117*100 -> #DIV/0! | AR117: =AT81 -> 46 | AS117: ='1.DATA KIA'!AB113 -> 14 | AT117: =AS117+AR117 -> 60 | AU117: =AT117/D117*100 -> 30.557678 | AW117: =AY81 -> 8 | AX117: ='1.DATA KIA'!AF113 -> 5 | AY117: =AW117+AX117 -> 13 | AZ117: =AY117/(20%*C117)*100 -> 31.599417
A118: 4 | B118: =PETUNJUK!B12 -> Ngeling | C118: ='1.DATA KIA'!C114 -> 95.7 | D118: ='1.DATA KIA'!D114 -> 91.35 | E118: =E82 -> 0 | F118: =H82 -> 21 | G118: ='1.DATA KIA'!F114 -> 9 | H118: =F118+G118 -> 30 | I118: =H118/C118*100 -> 31.347962 | K118: =M82 -> 21 | L118: ='1.DATA KIA'!J114 -> 7 | M118: =K118+L118 -> 28 | N118: =M118/D118*100 -> 30.651341 | P118: =R82 -> 18 | Q118: ='1.DATA KIA'!M114 -> 8 | R118: =P118+Q118 -> 26 | S118: =R118/D118*100 -> 28.461959 | U118: =W82 -> 6 | V118: ='1.DATA KIA'!Y114 -> 1 | W118: =U118+V118 -> 7 | X118: =W118/(20%*C118)*100 -> 36.572623 | Z118: =AB82 -> 5 | AA118: ='1.DATA KIA'!Z114 -> 0 | AB118: =Z118+AA118 -> 5 | AC118: =AB118/(20%*C118)*100 -> 26.123302 | AE118: =AG82 -> 5 | AF118: ='8.ANCTEPADU'!D118+'8.ANCTEPADU'!E118 -> 0 | AG118: =AE118+AF118 -> 5 | AH118: =AG118/C118*100 -> 5.2246604 | AI118: =AK82 -> 4 | AJ118: ='8.ANCTEPADU'!J118 -> 1 | AK118: =AI118+AJ118 -> 5 | AL118: =AK118/C118*100 -> 5.2246604 | AM118: =AO82 -> 17 | AN118: ='1.DATA KIA'!AG114 -> 11 | AO118: =AN118+AM118 -> 28 | AP118: =AO118/E118*100 -> #DIV/0! | AR118: =AT82 -> 17 | AS118: ='1.DATA KIA'!AB114 -> 11 | AT118: =AS118+AR118 -> 28 | AU118: =AT118/D118*100 -> 30.651341 | AW118: =AY82 -> 6 | AX118: ='1.DATA KIA'!AF114 -> 4 | AY118: =AW118+AX118 -> 10 | AZ118: =AY118/(20%*C118)*100 -> 52.246604
A119: 5 | B119: =PETUNJUK!B13 -> Lebuawu | C119: ='1.DATA KIA'!C115 -> 85.8 | D119: ='1.DATA KIA'!D115 -> 81.9 | E119: =E83 -> 0 | F119: =H83 -> 25 | G119: ='1.DATA KIA'!F115 -> 8 | H119: =F119+G119 -> 33 | I119: =H119/C119*100 -> 38.461538 | K119: =M83 -> 18 | L119: ='1.DATA KIA'!J115 -> 7 | M119: =K119+L119 -> 25 | N119: =M119/D119*100 -> 30.525031 | P119: =R83 -> 14 | Q119: ='1.DATA KIA'!M115 -> 5 | R119: =P119+Q119 -> 19 | S119: =R119/D119*100 -> 23.199023 | U119: =W83 -> 3 | V119: ='1.DATA KIA'!Y115 -> 2 | W119: =U119+V119 -> 5 | X119: =W119/(20%*C119)*100 -> 29.137529 | Z119: =AB83 -> 3 | AA119: ='1.DATA KIA'!Z115 -> 0 | AB119: =Z119+AA119 -> 3 | AC119: =AB119/(20%*C119)*100 -> 17.482517 | AE119: =AG83 -> 2 | AF119: ='8.ANCTEPADU'!D119+'8.ANCTEPADU'!E119 -> 0 | AG119: =AE119+AF119 -> 2 | AH119: =AG119/C119*100 -> 2.3310023 | AI119: =AK83 -> 3 | AJ119: ='8.ANCTEPADU'!J119 -> 0 | AK119: =AI119+AJ119 -> 3 | AL119: =AK119/C119*100 -> 3.4965035 | AM119: =AO83 -> 15 | AN119: ='1.DATA KIA'!AG115 -> 8 | AO119: =AN119+AM119 -> 23 | AP119: =AO119/E119*100 -> #DIV/0! | AR119: =AT83 -> 15 | AS119: ='1.DATA KIA'!AB115 -> 8 | AT119: =AS119+AR119 -> 23 | AU119: =AT119/D119*100 -> 28.083028 | AW119: =AY83 -> 0 | AX119: ='1.DATA KIA'!AF115 -> 1 | AY119: =AW119+AX119 -> 1 | AZ119: =AY119/(20%*C119)*100 -> 5.8275058
A120: 6 | B120: =PETUNJUK!B14 -> Pulodarat | C120: ='1.DATA KIA'!C116 -> 82.5 | D120: ='1.DATA KIA'!D116 -> 78.75 | E120: =E84 -> 0 | F120: =H84 -> 14 | G120: ='1.DATA KIA'!F116 -> 4 | H120: =F120+G120 -> 18 | I120: =H120/C120*100 -> 21.818182 | K120: =M84 -> 15 | L120: ='1.DATA KIA'!J116 -> 4 | M120: =K120+L120 -> 19 | N120: =M120/D120*100 -> 24.126984 | P120: =R84 -> 14 | Q120: ='1.DATA KIA'!M116 -> 5 | R120: =P120+Q120 -> 19 | S120: =R120/D120*100 -> 24.126984 | U120: =W84 -> 1 | V120: ='1.DATA KIA'!Y116 -> 3 | W120: =U120+V120 -> 4 | X120: =W120/(20%*C120)*100 -> 24.242424 | Z120: =AB84 -> 1 | AA120: ='1.DATA KIA'!Z116 -> 1 | AB120: =Z120+AA120 -> 2 | AC120: =AB120/(20%*C120)*100 -> 12.121212 | AE120: =AG84 -> 2 | AF120: ='8.ANCTEPADU'!D120+'8.ANCTEPADU'!E120 -> 1 | AG120: =AE120+AF120 -> 3 | AH120: =AG120/C120*100 -> 3.6363636 | AI120: =AK84 -> 0 | AJ120: ='8.ANCTEPADU'!J120 -> 0 | AK120: =AI120+AJ120 -> 0 | AL120: =AK120/C120*100 -> 0 | AM120: =AO84 -> 13 | AN120: ='1.DATA KIA'!AG116 -> 4 | AO120: =AN120+AM120 -> 17 | AP120: =AO120/E120*100 -> #DIV/0! | AR120: =AT84 -> 13 | AS120: ='1.DATA KIA'!AB116 -> 4 | AT120: =AS120+AR120 -> 17 | AU120: =AT120/D120*100 -> 21.587302 | AW120: =AY84 -> 3 | AX120: ='1.DATA KIA'!AF116 -> 1 | AY120: =AW120+AX120 -> 4 | AZ120: =AY120/(20%*C120)*100 -> 24.242424
A121: 7 | B121: =PETUNJUK!B15 -> Karangrandu | C121: ='1.DATA KIA'!C117 -> 93.5 | D121: ='1.DATA KIA'!D117 -> 89.25 | E121: =E85 -> 0 | F121: =H85 -> 22 | G121: ='1.DATA KIA'!F117 -> 9 | H121: =F121+G121 -> 31 | I121: =H121/C121*100 -> 33.15508 | K121: =M85 -> 18 | L121: ='1.DATA KIA'!J117 -> 6 | M121: =K121+L121 -> 24 | N121: =M121/D121*100 -> 26.890756 | P121: =R85 -> 19 | Q121: ='1.DATA KIA'!M117 -> 8 | R121: =P121+Q121 -> 27 | S121: =R121/D121*100 -> 30.252101 | U121: =W85 -> 8 | V121: ='1.DATA KIA'!Y117 -> 6 | W121: =U121+V121 -> 14 | X121: =W121/(20%*C121)*100 -> 74.86631 | Z121: =AB85 -> 4 | AA121: ='1.DATA KIA'!Z117 -> 1 | AB121: =Z121+AA121 -> 5 | AC121: =AB121/(20%*C121)*100 -> 26.737968 | AE121: =AG85 -> 2 | AF121: ='8.ANCTEPADU'!D121+'8.ANCTEPADU'!E121 -> 1 | AG121: =AE121+AF121 -> 3 | AH121: =AG121/C121*100 -> 3.2085561 | AI121: =AK85 -> 2 | AJ121: ='8.ANCTEPADU'!J121 -> 0 | AK121: =AI121+AJ121 -> 2 | AL121: =AK121/C121*100 -> 2.1390374 | AM121: =AO85 -> 18 | AN121: ='1.DATA KIA'!AG117 -> 8 | AO121: =AN121+AM121 -> 26 | AP121: =AO121/E121*100 -> #DIV/0! | AR121: =AT85 -> 19 | AS121: ='1.DATA KIA'!AB117 -> 8 | AT121: =AS121+AR121 -> 27 | AU121: =AT121/D121*100 -> 30.252101 | AW121: =AY85 -> 3 | AX121: ='1.DATA KIA'!AF117 -> 1 | AY121: =AW121+AX121 -> 4 | AZ121: =AY121/(20%*C121)*100 -> 21.390374
A122: 8 | B122: =PETUNJUK!B16 -> Kaliombo | C122: ='1.DATA KIA'!C118 -> 46.2 | D122: ='1.DATA KIA'!D118 -> 44.1 | E122: =E86 -> 0 | F122: =H86 -> 8 | G122: ='1.DATA KIA'!F118 -> 5 | H122: =F122+G122 -> 13 | I122: =H122/C122*100 -> 28.138528 | K122: =M86 -> 8 | L122: ='1.DATA KIA'!J118 -> 5 | M122: =K122+L122 -> 13 | N122: =M122/D122*100 -> 29.478458 | P122: =R86 -> 8 | Q122: ='1.DATA KIA'!M118 -> 5 | R122: =P122+Q122 -> 13 | S122: =R122/D122*100 -> 29.478458 | U122: =W86 -> 4 | V122: ='1.DATA KIA'!Y118 -> 3 | W122: =U122+V122 -> 7 | X122: =W122/(20%*C122)*100 -> 75.757576 | Z122: =AB86 -> 2 | AA122: ='1.DATA KIA'!Z118 -> 0 | AB122: =Z122+AA122 -> 2 | AC122: =AB122/(20%*C122)*100 -> 21.645022 | AE122: =AG86 -> 0 | AF122: ='8.ANCTEPADU'!D122+'8.ANCTEPADU'!E122 -> 0 | AG122: =AE122+AF122 -> 0 | AH122: =AG122/C122*100 -> 0 | AI122: =AK86 -> 0 | AJ122: ='8.ANCTEPADU'!J122 -> 1 | AK122: =AI122+AJ122 -> 1 | AL122: =AK122/C122*100 -> 2.1645022 | AM122: =AO86 -> 8 | AN122: ='1.DATA KIA'!AG118 -> 5 | AO122: =AN122+AM122 -> 13 | AP122: =AO122/E122*100 -> #DIV/0! | AR122: =AT86 -> 8 | AS122: ='1.DATA KIA'!AB118 -> 5 | AT122: =AS122+AR122 -> 13 | AU122: =AT122/D122*100 -> 29.478458 | AW122: =AY86 -> 4 | AX122: ='1.DATA KIA'!AF118 -> 1 | AY122: =AW122+AX122 -> 5 | AZ122: =AY122/(20%*C122)*100 -> 54.112554
A123: 9 | B123: =PETUNJUK!B17 -> Gemulung | C123: ='1.DATA KIA'!C119 -> 53.9 | D123: ='1.DATA KIA'!D119 -> 51.45 | E123: =E87 -> 0 | F123: =H87 -> 14 | G123: ='1.DATA KIA'!F119 -> 5 | H123: =F123+G123 -> 19 | I123: =H123/C123*100 -> 35.250464 | K123: =M87 -> 14 | L123: ='1.DATA KIA'!J119 -> 5 | M123: =K123+L123 -> 19 | N123: =M123/D123*100 -> 36.929057 | P123: =R87 -> 15 | Q123: ='1.DATA KIA'!M119 -> 4 | R123: =P123+Q123 -> 19 | S123: =R123/D123*100 -> 36.929057 | U123: =W87 -> 0 | V123: ='1.DATA KIA'!Y119 -> 3 | W123: =U123+V123 -> 3 | X123: =W123/(20%*C123)*100 -> 27.829314 | Z123: =AB87 -> 0 | AA123: ='1.DATA KIA'!Z119 -> 1 | AB123: =Z123+AA123 -> 1 | AC123: =AB123/(20%*C123)*100 -> 9.2764378 | AE123: =AG87 -> 3 | AF123: ='8.ANCTEPADU'!D123+'8.ANCTEPADU'!E123 -> 1 | AG123: =AE123+AF123 -> 4 | AH123: =AG123/C123*100 -> 7.4211503 | AI123: =AK87 -> 0 | AJ123: ='8.ANCTEPADU'!J123 -> 1 | AK123: =AI123+AJ123 -> 1 | AL123: =AK123/C123*100 -> 1.8552876 | AM123: =AO87 -> 16 | AN123: ='1.DATA KIA'!AG119 -> 4 | AO123: =AN123+AM123 -> 20 | AP123: =AO123/E123*100 -> #DIV/0! | AR123: =AT87 -> 16 | AS123: ='1.DATA KIA'!AB119 -> 4 | AT123: =AS123+AR123 -> 20 | AU123: =AT123/D123*100 -> 38.872692 | AW123: =AY87 -> 6 | AX123: ='1.DATA KIA'!AF119 -> 2 | AY123: =AW123+AX123 -> 8 | AZ123: =AY123/(20%*C123)*100 -> 74.211503
A124: 10 | B124: =PETUNJUK!B18 -> Pecangaan Wetan | C124: ='1.DATA KIA'!C120 -> 50.6 | D124: ='1.DATA KIA'!D120 -> 48.3 | E124: =E88 -> 0 | F124: =H88 -> 12 | G124: ='1.DATA KIA'!F120 -> 3 | H124: =F124+G124 -> 15 | I124: =H124/C124*100 -> 29.644269 | K124: =M88 -> 10 | L124: ='1.DATA KIA'!J120 -> 2 | M124: =K124+L124 -> 12 | N124: =M124/D124*100 -> 24.84472 | P124: =R88 -> 8 | Q124: ='1.DATA KIA'!M120 -> 2 | R124: =P124+Q124 -> 10 | S124: =R124/D124*100 -> 20.703934 | U124: =W88 -> 3 | V124: ='1.DATA KIA'!Y120 -> 1 | W124: =U124+V124 -> 4 | X124: =W124/(20%*C124)*100 -> 39.525692 | Z124: =AB88 -> 0 | AA124: ='1.DATA KIA'!Z120 -> 0 | AB124: =Z124+AA124 -> 0 | AC124: =AB124/(20%*C124)*100 -> 0 | AE124: =AG88 -> 0 | AF124: ='8.ANCTEPADU'!D124+'8.ANCTEPADU'!E124 -> 0 | AG124: =AE124+AF124 -> 0 | AH124: =AG124/C124*100 -> 0 | AI124: =AK88 -> 5 | AJ124: ='8.ANCTEPADU'!J124 -> 0 | AK124: =AI124+AJ124 -> 5 | AL124: =AK124/C124*100 -> 9.8814229 | AM124: =AO88 -> 11 | AN124: ='1.DATA KIA'!AG120 -> 2 | AO124: =AN124+AM124 -> 13 | AP124: =AO124/E124*100 -> #DIV/0! | AR124: =AT88 -> 11 | AS124: ='1.DATA KIA'!AB120 -> 2 | AT124: =AS124+AR124 -> 13 | AU124: =AT124/D124*100 -> 26.915114 | AW124: =AY88 -> 1 | AX124: ='1.DATA KIA'!AF120 -> 0 | AY124: =AW124+AX124 -> 1 | AZ124: =AY124/(20%*C124)*100 -> 9.8814229
A125: 11 | B125: =PETUNJUK!B19 -> Krasak | C125: ='1.DATA KIA'!C121 -> 117.7 | D125: ='1.DATA KIA'!D121 -> 112.35 | E125: =E89 -> 0 | F125: =H89 -> 34 | G125: ='1.DATA KIA'!F121 -> 11 | H125: =F125+G125 -> 45 | I125: =H125/C125*100 -> 38.232795 | K125: =M89 -> 16 | L125: ='1.DATA KIA'!J121 -> 6 | M125: =K125+L125 -> 22 | N125: =M125/D125*100 -> 19.581664 | P125: =R89 -> 22 | Q125: ='1.DATA KIA'!M121 -> 7 | R125: =P125+Q125 -> 29 | S125: =R125/D125*100 -> 25.812194 | U125: =W89 -> 3 | V125: ='1.DATA KIA'!Y121 -> 2 | W125: =U125+V125 -> 5 | X125: =W125/(20%*C125)*100 -> 21.240442 | Z125: =AB89 -> 3 | AA125: ='1.DATA KIA'!Z121 -> 3 | AB125: =Z125+AA125 -> 6 | AC125: =AB125/(20%*C125)*100 -> 25.48853 | AE125: =AG89 -> 3 | AF125: ='8.ANCTEPADU'!D125+'8.ANCTEPADU'!E125 -> 0 | AG125: =AE125+AF125 -> 3 | AH125: =AG125/C125*100 -> 2.548853 | AI125: =AK89 -> 2 | AJ125: ='8.ANCTEPADU'!J125 -> 2 | AK125: =AI125+AJ125 -> 4 | AL125: =AK125/C125*100 -> 3.3984707 | AM125: =AO89 -> 20 | AN125: ='1.DATA KIA'!AG121 -> 9 | AO125: =AN125+AM125 -> 29 | AP125: =AO125/E125*100 -> #DIV/0! | AR125: =AT89 -> 20 | AS125: ='1.DATA KIA'!AB121 -> 9 | AT125: =AS125+AR125 -> 29 | AU125: =AT125/D125*100 -> 25.812194 | AW125: =AY89 -> 5 | AX125: ='1.DATA KIA'!AF121 -> 2 | AY125: =AW125+AX125 -> 7 | AZ125: =AY125/(20%*C125)*100 -> 29.736619
A126: 12 | B126: =PETUNJUK!B20 -> Gerdu | C126: ='1.DATA KIA'!C122 -> 23.1 | D126: ='1.DATA KIA'!D122 -> 22.05 | E126: =E90 -> 0 | F126: =H90 -> 5 | G126: ='1.DATA KIA'!F122 -> 3 | H126: =F126+G126 -> 8 | I126: =H126/C126*100 -> 34.632035 | K126: =M90 -> 5 | L126: ='1.DATA KIA'!J122 -> 3 | M126: =K126+L126 -> 8 | N126: =M126/D126*100 -> 36.281179 | P126: =R90 -> 6 | Q126: ='1.DATA KIA'!M122 -> 2 | R126: =P126+Q126 -> 8 | S126: =R126/D126*100 -> 36.281179 | U126: =W90 -> 2 | V126: ='1.DATA KIA'!Y122 -> 0 | W126: =U126+V126 -> 2 | X126: =W126/(20%*C126)*100 -> 43.290043 | Z126: =AB90 -> 1 | AA126: ='1.DATA KIA'!Z122 -> 0 | AB126: =Z126+AA126 -> 1 | AC126: =AB126/(20%*C126)*100 -> 21.645022 | AE126: =AG90 -> 0 | AF126: ='8.ANCTEPADU'!D126+'8.ANCTEPADU'!E126 -> 0 | AG126: =AE126+AF126 -> 0 | AH126: =AG126/C126*100 -> 0 | AI126: =AK90 -> 1 | AJ126: ='8.ANCTEPADU'!J126 -> 0 | AK126: =AI126+AJ126 -> 1 | AL126: =AK126/C126*100 -> 4.3290043 | AM126: =AO90 -> 3 | AN126: ='1.DATA KIA'!AG122 -> 2 | AO126: =AN126+AM126 -> 5 | AP126: =AO126/E126*100 -> #DIV/0! | AR126: =AT90 -> 3 | AS126: ='1.DATA KIA'!AB122 -> 2 | AT126: =AS126+AR126 -> 5 | AU126: =AT126/D126*100 -> 22.675737 | AW126: =AY90 -> 1 | AX126: ='1.DATA KIA'!AF122 -> 1 | AY126: =AW126+AX126 -> 2 | AZ126: =AY126/(20%*C126)*100 -> 43.290043
... A136: 22 | B136: =PETUNJUK!B30 -> 0 | C136: ='1.DATA KIA'!C132 -> 0 | D136: ='1.DATA KIA'!D132 -> 0 | E136: =E100 -> 0 | F136: =H100 -> 0 | G136: ='1.DATA KIA'!F132 -> 0 | H136: =F136+G136 -> 0 | I136: =H136/C136*100 -> #DIV/0! | K136: =M100 -> 0 | L136: ='1.DATA KIA'!J132 -> 0 | M136: =K136+L136 -> 0 | N136: =M136/D136*100 -> #DIV/0! | P136: =R100 -> 0 | Q136: ='1.DATA KIA'!M132 -> 0 | R136: =P136+Q136 -> 0 | S136: =R136/D136*100 -> #DIV/0! | U136: =W100 -> 0 | V136: ='1.DATA KIA'!Y132 -> 0 | W136: =U136+V136 -> 0 | X136: =W136/(20%*C136)*100 -> #DIV/0! | Z136: =AB100 -> 0 | AA136: ='1.DATA KIA'!Z132 -> 0 | AB136: =Z136+AA136 -> 0 | AC136: =AB136/(20%*C136)*100 -> #DIV/0! | AE136: =AG100 -> 0 | AF136: ='8.ANCTEPADU'!D136+'8.ANCTEPADU'!E136 -> 0 | AG136: =AE136+AF136 -> 0 | AH136: =AG136/C136*100 -> #DIV/0! | AI136: =AK100 -> 0 | AJ136: ='8.ANCTEPADU'!J136 -> 0 | AK136: =AI136+AJ136 -> 0 | AL136: =AK136/C136*100 -> #DIV/0! | AM136: =AO100 -> 0 | AN136: ='1.DATA KIA'!AG132 -> 0 | AO136: =AN136+AM136 -> 0 | AP136: =AO136/E136*100 -> #DIV/0! | AR136: =AT100 -> 0 | AS136: ='1.DATA KIA'!AB132 -> 0 | AT136: =AS136+AR136 -> 0 | AU136: =AT136/D136*100 -> #DIV/0! | AW136: =AY100 -> 0 | AX136: ='1.DATA KIA'!AF132 -> 0 | AY136: =AW136+AX136 -> 0 | AZ136: =AY136/(20%*C136)*100 -> #DIV/0!
B137: JUMLAH | C137: =SUM(C115:C136) -> 1067 | D137: =SUM(D115:D136) -> 1018.5 | E137: =SUM(E115:E136) -> 0 | F137: =SUM(F115:F136) -> 264 | G137: =SUM(G115:G136) -> 110 | H137: =SUM(H115:H136) -> 374 | I137: =H137/C137*100 -> 35.051546 | J137: =SUM(J115:J136) -> 0 | K137: =SUM(K115:K136) -> 207 | L137: =SUM(L115:L136) -> 76 | M137: =SUM(M115:M136) -> 283 | N137: =M137/D137*100 -> 27.78596 | O137: =SUM(O115:O136) -> 0 | P137: =SUM(P115:P136) -> 231 | Q137: =SUM(Q115:Q136) -> 78 | R137: =SUM(R115:R136) -> 309 | S137: =R137/D137*100 -> 30.338733 | T137: =SUM(T115:T136) -> 0 | U137: =SUM(U115:U136) -> 58 | V137: =SUM(V115:V136) -> 34 | W137: =SUM(W115:W136) -> 92 | X137: =W137/(20%*C137)*100 -> 43.111528 | Y137: =SUM(Y115:Y136) -> 0 | Z137: =SUM(Z115:Z136) -> 39 | AA137: =SUM(AA115:AA136) -> 8 | AB137: =SUM(AB115:AB136) -> 47 | AC137: =AB137/(20%*C137)*100 -> 22.024367 | AD137: =SUM(AD115:AD136) -> 0 | AE137: =SUM(AE115:AE136) -> 29 | AF137: =SUM(AF115:AF136) -> 3 | AG137: =SUM(AG115:AG136) -> 32 | AH137: =AG137/C137*100 -> 2.9990628 | AI137: =SUM(AI115:AI136) -> 32 | AJ137: =SUM(AJ115:AJ136) -> 10 | AK137: =SUM(AK115:AK136) -> 42 | AL137: =AK137/C137*100 -> 3.9362699 | AM137: =SUM(AM115:AM136) -> 216 | AN137: =SUM(AN115:AN136) -> 82 | AO137: =SUM(AO115:AO136) -> 298 | AP137: =AO137/E137*100 -> #DIV/0! | AQ137: =SUM(AQ115:AQ136) -> 0 | AR137: =SUM(AR115:AR136) -> 216 | AS137: =SUM(AS115:AS136) -> 82 | AT137: =SUM(AT115:AT136) -> 298 | AU137: =AT137/D137*100 -> 29.258714 | AV137: =SUM(AV115:AV136) -> 0 | AW137: =SUM(AW115:AW136) -> 46 | AX137: =SUM(AX115:AX136) -> 23 | AY137: =SUM(AY115:AY136) -> 69 | AZ137: =AY137/(20%*C137)*100 -> 32.333646
A143: LAPORAN PWS KIA
B144: PUSKESMAS : | C144: =PETUNJUK!C5 -> PECANGAAN
B145: BULAN : | C145: ='1.DATA KIA'!C140 -> MEI
A147: NO | B147: DESA | C147: SASARAN | F147: K 1 | K147: K 4 | P147: K 6 | U147: DETEKSI RESIKO TINGGI | AE147: BUMIL | AM147: NEONATUS | AR147: PERSALINAN OLEH NAKES | AW147: KOMPLIKASI DITANGANI
C148: BUMIL | D148: BULIN | E148: BAYI | F148: BLN LALU | G148: BLN INI | H148: KUM | J148: RANGKING | K148: BLN LALU | L148: BLN INI | M148: KUM | O148: RANGKING | P148: BLN LALU | Q148: BLN INI | R148: KUM | T148: RANGKING | U148: OLEH NAKES | Z148: OLEH MASYARAKAT | AE148: ANEMIA | AI148: KEK | AM148: BLN. LALU | AN148: BLN. INI | AO148: ABS | AP148: % | AQ148: RANGKING | AR148: BLN. LALU | AS148: BLN. INI | AT148: ABS | AU148: % | AV148: RANGKING | AW148: BLN. LALU | AX148: BLN. INI | AY148: ABS | AZ148: % | BA148: RANGKING
H149: ABS | I149: % | M149: ABS | N149: % | R149: ABS | S149: % | U149: BLN LALU | V149: BLN INI | W149: KUM | Y149: RANGKING | Z149: BLN LALU | AA149: BLN INI | AB149: KUM | AD149: RANGKING | AE149: < 11 MG | AI149: <23,5
W150: ABS | X150: % | AB150: ABS | AC150: % | AE150: BLN LALU | AF150: BLN INI | AG150: ABS | AH150: % | AI150: BLN LALU | AJ150: BLN INI | AK150: ABS | AL150: %
A151: 1 | B151: =PETUNJUK!B9 -> Pecangaan Kulon | C151: ='1.DATA KIA'!C145 -> 101.2 | D151: ='1.DATA KIA'!D145 -> 96.6 | E151: =E115 -> 0 | F151: =H115 -> 30 | G151: ='1.DATA KIA'!F145 -> 0 | H151: =F151+G151 -> 30 | I151: =H151/C151*100 -> 29.644269 | K151: =M115 -> 28 | L151: ='1.DATA KIA'!J145 -> 0 | M151: =K151+L151 -> 28 | N151: =M151/D151*100 -> 28.985507 | P151: =R115 -> 29 | Q151: ='1.DATA KIA'!M145 -> 0 | R151: =P151+Q151 -> 29 | S151: =R151/D151*100 -> 30.020704 | U151: =W115 -> 10 | V151: ='1.DATA KIA'!Y145 -> 0 | W151: =U151+V151 -> 10 | X151: =W151/(20%*C151)*100 -> 49.407115 | Z151: =AB115 -> 6 | AA151: ='1.DATA KIA'!Z145 -> 0 | AB151: =Z151+AA151 -> 6 | AC151: =AB151/(20%*C151)*100 -> 29.644269 | AE151: =AG115 -> 3 | AF151: ='8.ANCTEPADU'!D150+'8.ANCTEPADU'!E150 -> 0 | AG151: =AE151+AF151 -> 3 | AH151: =AG151/C151*100 -> 2.9644269 | AI151: =AK115 -> 1 | AJ151: ='8.ANCTEPADU'!J150 -> 0 | AK151: =AI151+AJ151 -> 1 | AL151: =AK151/C151*100 -> 0.98814229 | AM151: =AO115 -> 29 | AN151: ='1.DATA KIA'!AG145 -> 0 | AO151: =AN151+AM151 -> 29 | AP151: =AO151/E151*100 -> #DIV/0! | AR151: =AT115 -> 29 | AS151: ='1.DATA KIA'!AB145 -> 0 | AT151: =AS151+AR151 -> 29 | AU151: =AT151/D151*100 -> 30.020704 | AW151: =AY115 -> 10 | AX151: ='1.DATA KIA'!AF145 -> 0 | AY151: =AW151+AX151 -> 10 | AZ151: =AY151/(20%*C151)*100 -> 49.407115
A152: 2 | B152: =PETUNJUK!B10 -> Rengging | C152: ='1.DATA KIA'!C146 -> 111.1 | D152: ='1.DATA KIA'!D146 -> 106.05 | E152: =E116 -> 0 | F152: =H116 -> 54 | G152: ='1.DATA KIA'!F146 -> 0 | H152: =F152+G152 -> 54 | I152: =H152/C152*100 -> 48.60486 | K152: =M116 -> 21 | L152: ='1.DATA KIA'!J146 -> 0 | M152: =K152+L152 -> 21 | N152: =M152/D152*100 -> 19.80198 | P152: =R116 -> 32 | Q152: ='1.DATA KIA'!M146 -> 0 | R152: =P152+Q152 -> 32 | S152: =R152/D152*100 -> 30.174446 | U152: =W116 -> 8 | V152: ='1.DATA KIA'!Y146 -> 0 | W152: =U152+V152 -> 8 | X152: =W152/(20%*C152)*100 -> 36.0036 | Z152: =AB116 -> 5 | AA152: ='1.DATA KIA'!Z146 -> 0 | AB152: =Z152+AA152 -> 5 | AC152: =AB152/(20%*C152)*100 -> 22.50225 | AE152: =AG116 -> 6 | AF152: ='8.ANCTEPADU'!D151+'8.ANCTEPADU'!E151 -> 0 | AG152: =AE152+AF152 -> 6 | AH152: =AG152/C152*100 -> 5.4005401 | AI152: =AK116 -> 8 | AJ152: ='8.ANCTEPADU'!J151 -> 0 | AK152: =AI152+AJ152 -> 8 | AL152: =AK152/C152*100 -> 7.2007201 | AM152: =AO116 -> 35 | AN152: ='1.DATA KIA'!AG146 -> 0 | AO152: =AN152+AM152 -> 35 | AP152: =AO152/E152*100 -> #DIV/0! | AR152: =AT116 -> 34 | AS152: ='1.DATA KIA'!AB146 -> 0 | AT152: =AS152+AR152 -> 34 | AU152: =AT152/D152*100 -> 32.060349 | AW152: =AY116 -> 4 | AX152: ='1.DATA KIA'!AF146 -> 0 | AY152: =AW152+AX152 -> 4 | AZ152: =AY152/(20%*C152)*100 -> 18.0018
...

Sheet 3.Komplikasi
A1: LAPORAN KASUS KOMPLIKASI KEBIDANAN
A3: PUSKESMAS | C3: : | N3: : | O3: =PETUNJUK!C5 -> PECANGAAN
A4: BULAN | C4: : | N4: : | O4: JANUARI
A5: NO | B5: DESA | C5: JUMLAH KOMPLIKASI KEBIDANAN | AK5: JUMLAH KOMPLIKASI DALAM KEHAMILAN | AL5: JUMLAH KOMPLIKASI DALAM PERSALINAN | AM5: JUMLAH KOMPLIKASI PASCA PERSALINAN (NIFAS)
C6: Anemia | D6: Perdarahan | E6: PEB / Eklamsi | F6: Infeksi / Febris | G6: Tuberculosis | H6: Malaria | I6: Jantung | J6: DM | K6: Obesitas | L6: Covid-19 (Confirm0 | M6: Abortus | N6: Partus tak maju/ macet/lama | O6: KPD | P6: Retplas / Sisa Plas | Q6: Kelainan Letak | R6: IUFD | S6: APH | T6: Gamelly | U6: Serotinus | V6: parts prematur | W6: penyakit kronis | X6: HPP | Y6: CPD | Z6: Hidramnion | AA6: Premi Tua | AB6: Tali Pusat Menumbung | AC6: Foetal Distres | AD6: Makrosomia | AE6: Hiperemisis | AF6: Riwayat Persalinan Buruk | AG6: PJT/IUGR | AH6: KEK | AI6: Lain - lain | AJ6: JUMLAH
A7: 1 | B7: =PETUNJUK!B9 -> Pecangaan Kulon | E7: 1 | AJ7: =SUM(C7:AI7) -> 1 | AL7: 1
A8: 2 | B8: =PETUNJUK!B10 -> Rengging | M8: 1 | O8: 1 | AJ8: =SUM(C8:AI8) -> 2 | AK8: 1 | AL8: 1
A9: 3 | B9: =PETUNJUK!B11 -> Troso | E9: 1 | O9: 2 | Q9: 1 | AJ9: =SUM(C9:AI9) -> 4 | AK9: 2 | AL9: 2
A10: 4 | B10: =PETUNJUK!B12 -> Ngeling | E10: 1 | N10: 1 | O10: 1 | AJ10: =SUM(C10:AI10) -> 3 | AL10: 3
A11: 5 | B11: =PETUNJUK!B13 -> Lebuawu | AJ11: =SUM(C11:AI11) -> 0
A12: 6 | B12: =PETUNJUK!B14 -> Pulodarat | AJ12: =SUM(C12:AI12) -> 0
A13: 7 | B13: =PETUNJUK!B15 -> Karangrandu | AJ13: =SUM(C13:AI13) -> 0
A14: 8 | B14: =PETUNJUK!B16 -> Kaliombo | AJ14: =SUM(C14:AI14) -> 0
A15: 9 | B15: =PETUNJUK!B17 -> Gemulung | O15: 1 | AJ15: =SUM(C15:AI15) -> 1 | AL15: 1
A16: 10 | B16: =PETUNJUK!B18 -> Pecangaan Wetan | AJ16: =SUM(C16:AI16) -> 0
A17: 11 | B17: =PETUNJUK!B19 -> Krasak | E17: 1 | K17: 1 | O17: 2 | AJ17: =SUM(C17:AI17) -> 4 | AK17: 1 | AL17: 2
A18: 12 | B18: =PETUNJUK!B20 -> Gerdu | O18: 1 | AJ18: =SUM(C18:AI18) -> 1 | AL18: 1
A19: 13 | B19: =PETUNJUK!B21 -> 0
A20: 14 | B20: =PETUNJUK!B22 -> 0
A21: 15 | B21: =PETUNJUK!B23 -> 0
A22: 16 | B22: =PETUNJUK!B24 -> 0
A23: 17 | B23: =PETUNJUK!B25 -> 0
A24: 18 | B24: =PETUNJUK!B26 -> 0
A25: 19 | B25: =PETUNJUK!B27 -> 0
A26: 20 | B26: =PETUNJUK!B28 -> 0
A27: 21 | B27: =PETUNJUK!B29 -> 0
A28: 22 | B28: =PETUNJUK!B30 -> 0
A29: Jumlah | C29: =SUM(C7:C28) -> 0 | D29: =SUM(D7:D28) -> 0 | E29: =SUM(E7:E28) -> 4 | F29: =SUM(F7:F28) -> 0 | G29: =SUM(G7:G28) -> 0 | H29: =SUM(H7:H28) -> 0 | I29: =SUM(I7:I28) -> 0 | J29: =SUM(J7:J28) -> 0 | ... AM29: =SUM(AM7:AM28) -> 0
B31: CATATAN : | N31: Data diambil dari fas.yankes yg menangani (BPM, Pusk, PONED, RB, RS)
A36: LAPORAN KASUS MATERNAL KOMPLIKASI
A38: PUSKESMAS | N38: : | O38: =PETUNJUK!C5 -> PECANGAAN
A39: BULAN | N39: : | O39: ='1.DATA KIA'!C38 -> PEBRUARI
A40: NO | B40: DESA | C40: JUMLAH KOMPLIKASI KEBIDANAN | AK40: JUMLAH KOMPLIKASI DALAM KEHAMILAN | AL40: JUMLAH KOMPLIKASI DALAM PERSALINAN | AM40: JUMLAH KOMPLIKASI PASCA PERSALINAN (NIFAS)
C41: Anemia | D41: Perdarahan | E41: PEB / Eklamsi | F41: Infeksi / Febris | G41: Tuberculosis | H41: Malaria | I41: Jantung | J41: DM | K41: Obesitas | L41: Covid-19 (Confirm0 | M41: Abortus | N41: Partus tak maju/ macet/lama | O41: KPD | P41: Retplas / Sisa Plas | Q41: Kelainan Letak | R41: IUFD | S41: APH | T41: Gamelly | U41: Serotinus | V41: parts prematur | W41: penyakit kronis | X41: HPP | Y41: CPD | Z41: Hidramnion | AA41: Premi Tua | AB41: Tali Pusat Menumbung | AC41: Foetal Distres | AD41: Makrosomia | AE41: Hiperemisis | AF41: Riwayat Persalinan Buruk | AG41: PJT/IUGR | AH41: KEK | AI41: Lain - lain | AJ41: JUMLAH
A42: 1 | B42: =PETUNJUK!B9 -> Pecangaan Kulon | E42: 1 | O42: 2 | AF42: 1 | AJ42: =SUM(C42:AI42) -> 4
A43: 2 | B43: =PETUNJUK!B10 -> Rengging | AJ43: =SUM(C43:AI43) -> 0
A44: 3 | B44: =PETUNJUK!B11 -> Troso | M44: 1 | O44: 1 | AJ44: =SUM(C44:AI44) -> 2
A45: 4 | B45: =PETUNJUK!B12 -> Ngeling | O45: 2 | AI45: 1 | AJ45: =SUM(C45:AI45) -> 3
A46: 5 | B46: =PETUNJUK!B13 -> Lebuawu | AJ46: =SUM(C46:AI46) -> 0
A47: 6 | B47: =PETUNJUK!B14 -> Pulodarat | O47: 1 | U47: 1 | AJ47: =SUM(C47:AI47) -> 2
A48: 7 | B48: =PETUNJUK!B15 -> Karangrandu | O48: 1 | U48: 1 | AJ48: =SUM(C48:AI48) -> 2
A49: 8 | B49: =PETUNJUK!B16 -> Kaliombo | M49: 1 | O49: 1 | S49: 1 | AJ49: =SUM(C49:AI49) -> 3
A50: 9 | B50: =PETUNJUK!B17 -> Gemulung | AI50: 1 | AJ50: =SUM(C50:AI50) -> 1
A51: 10 | B51: =PETUNJUK!B18 -> Pecangaan Wetan | O51: 1 | AJ51: =SUM(C51:AI51) -> 1
A52: 11 | B52: =PETUNJUK!B19 -> Krasak | E52: 1 | AJ52: =SUM(C52:AI52) -> 1
A53: 12 | B53: =PETUNJUK!B20 -> Gerdu | AJ53: =SUM(C53:AI53) -> 0
A54: 13 | B54: =PETUNJUK!B21 -> 0
A55: 14 | B55: =PETUNJUK!B22 -> 0
A56: 15 | B56: =PETUNJUK!B23 -> 0
A57: 16 | B57: =PETUNJUK!B24 -> 0
A58: 17 | B58: =PETUNJUK!B25 -> 0
A59: 18 | B59: =PETUNJUK!B26 -> 0
A60: 19 | B60: =PETUNJUK!B27 -> 0
A61: 20 | B61: =PETUNJUK!B28 -> 0
A62: 21 | B62: =PETUNJUK!B29 -> 0
A63: 22 | B63: =PETUNJUK!B30 -> 0
A64: Jumlah | C64: =SUM(C42:C63) -> 0 | D64: =SUM(D42:D63) -> 0 | E64: =SUM(E42:E63) -> 2 | F64: =SUM(F42:F63) -> 0 | G64: =SUM(G42:G63) -> 0 | H64: =SUM(H42:H63) -> 0 | I64: =SUM(I42:I63) -> 0 | J64: =SUM(J42:J63) -> 0 | ... AM64: =SUM(AM42:AM63) -> 0
B65: CATATAN : | N65: Data diambil dari fas.yankes yg menangani (BPM, Pusk, PONED, RB, RS)
A70: LAPORAN KASUS MATERNAL KOMPLIKASI
A72: PUSKESMAS | N72: : | O72: =PETUNJUK!C5 -> PECANGAAN
A73: BULAN | N73: : | O73: ='1.DATA KIA'!C72 -> MARET
A74: NO | B74: DESA | C74: JUMLAH KOMPLIKASI KEBIDANAN | AK74: JUMLAH KOMPLIKASI DALAM KEHAMILAN | AL74: JUMLAH KOMPLIKASI DALAM PERSALINAN | AM74: JUMLAH KOMPLIKASI PASCA PERSALINAN (NIFAS)
C75: Anemia | D75: Perdarahan | E75: PEB / Eklamsi | F75: Infeksi / Febris | G75: Tuberculosis | H75: Malaria | I75: Jantung | J75: DM | K75: Obesitas | L75: Covid-19 (Confirm0 | M75: Abortus | N75: Partus tak maju/ macet/lama | O75: KPD | P75: Retplas / Sisa Plas | Q75: Kelainan Letak | R75: IUFD | S75: APH | T75: Gamelly | U75: Serotinus | V75: parts prematur | W75: penyakit kronis | X75: HPP | Y75: CPD | Z75: Hidramnion | AA75: Premi Tua | AB75: Tali Pusat Menumbung | AC75: Foetal Distres | AD75: Makrosomia | AE75: Hiperemisis | AF75: Riwayat Persalinan Buruk | AG75: PJT/IUGR | AH75: KEK | AI75: Lain - lain | AJ75: JUMLAH
A76: 1 | B76: =PETUNJUK!B9 -> Pecangaan Kulon | O76: 1 | AJ76: =SUM(C76:AI76) -> 1
A77: 2 | B77: =PETUNJUK!B10 -> Rengging | T77: 1 | AJ77: =SUM(C77:AI77) -> 1
A78: 3 | B78: =PETUNJUK!B11 -> Troso | E78: 1 | V78: 1 | AJ78: =SUM(C78:AI78) -> 2
A79: 4 | B79: =PETUNJUK!B12 -> Ngeling | AJ79: =SUM(C79:AI79) -> 0
A80: 5 | B80: =PETUNJUK!B13 -> Lebuawu | AJ80: =SUM(C80:AI80) -> 0
A81: 6 | B81: =PETUNJUK!B14 -> Pulodarat | AF81: 1 | AJ81: =SUM(C81:AI81) -> 1
A82: 7 | B82: =PETUNJUK!B15 -> Karangrandu | N82: 1 | AJ82: =SUM(C82:AI82) -> 1
A83: 8 | B83: =PETUNJUK!B16 -> Kaliombo | O83: 1 | AJ83: =SUM(C83:AI83) -> 1
A84: 9 | B84: =PETUNJUK!B17 -> Gemulung | O84: 3 | V84: 1 | AJ84: =SUM(C84:AI84) -> 4
A85: 10 | B85: =PETUNJUK!B18 -> Pecangaan Wetan | AJ85: =SUM(C85:AI85) -> 0
A86: 11 | B86: =PETUNJUK!B19 -> Krasak | AJ86: =SUM(C86:AI86) -> 0
A87: 12 | B87: =PETUNJUK!B20 -> Gerdu | AJ87: =SUM(C87:AI87) -> 0
A88: 13 | B88: =PETUNJUK!B21 -> 0
A89: 14 | B89: =PETUNJUK!B22 -> 0
A90: 15 | B90: =PETUNJUK!B23 -> 0
A91: 16 | B91: =PETUNJUK!B24 -> 0
A92: 17 | B92: =PETUNJUK!B25 -> 0
A93: 18 | B93: =PETUNJUK!B26 -> 0
A94: 19 | B94: =PETUNJUK!B27 -> 0
A95: 20 | B95: =PETUNJUK!B28 -> 0
A96: 21 | B96: =PETUNJUK!B29 -> 0
A97: 22 | B97: =PETUNJUK!B30 -> 0
A98: Jumlah | C98: =SUM(C76:C97) -> 0 | D98: =SUM(D76:D97) -> 0 | E98: =SUM(E76:E97) -> 1 | F98: =SUM(F76:F97) -> 0 | G98: =SUM(G76:G97) -> 0 | H98: =SUM(H76:H97) -> 0 | I98: =SUM(I76:I97) -> 0 | J98: =SUM(J76:J97) -> 0 | ... AM98: =SUM(AM76:AM97) -> 0
B99: CATATAN : | N99: Data diambil dari fas.yankes yg menangani (BPM, Pusk, PONED, RB, RS)
A105: LAPORAN KASUS MATERNAL KOMPLIKASI
A107: PUSKESMAS | N107: : | O107: =PETUNJUK!C5 -> PECANGAAN
A108: BULAN | N108: : | O108: ='1.DATA KIA'!C106 -> APRIL
A109: NO | B109: DESA | C109: JUMLAH KOMPLIKASI KEBIDANAN | AK109: JUMLAH KOMPLIKASI DALAM KEHAMILAN | AL109: JUMLAH KOMPLIKASI DALAM PERSALINAN | AM109: JUMLAH KOMPLIKASI PASCA PERSALINAN (NIFAS)
C110: Anemia | D110: Perdarahan | E110: PEB / Eklamsi | F110: Infeksi / Febris | G110: Tuberculosis | H110: Malaria | I110: Jantung | J110: DM | K110: Obesitas | L110: Covid-19 (Confirm0 | M110: Abortus | N110: Partus tak maju/ macet/lama | O110: KPD | P110: Retplas / Sisa Plas | Q110: Kelainan Letak | R110: IUFD | S110: APH | T110: Gamelly | U110: Serotinus | V110: parts prematur | W110: penyakit kronis | X110: HPP | Y110: CPD | Z110: Hidramnion | AA110: Premi Tua | AB110: Tali Pusat Menumbung | AC110: Foetal Distres | AD110: Makrosomia | AE110: Hiperemisis | AF110: Riwayat Persalinan Buruk | AG110: PJT/IUGR | AH110: KEK | AI110: Lain - lain | AJ110: JUMLAH
A111: 1 | B111: =PETUNJUK!B9 -> Pecangaan Kulon | E111: 1 | M111: 1 | N111: 1 | O111: 1 | AJ111: =SUM(C111:AI111) -> 4
A112: 2 | B112: =PETUNJUK!B10 -> Rengging | N112: 1 | AJ112: =SUM(C112:AI112) -> 1
A113: 3 | B113: =PETUNJUK!B11 -> Troso | C113: 1 | M113: 2 | O113: 1 | S113: 1 | AJ113: =SUM(C113:AI113) -> 5 | AK113: 4
A114: 4 | B114: =PETUNJUK!B12 -> Ngeling | E114: 1 | O114: 2 | V114: 1 | AJ114: =SUM(C114:AI114) -> 4
A115: 5 | B115: =PETUNJUK!B13 -> Lebuawu | E115: 1 | AJ115: =SUM(C115:AI115) -> 1
A116: 6 | B116: =PETUNJUK!B14 -> Pulodarat | O116: 1 | AJ116: =SUM(C116:AI116) -> 1
A117: 7 | B117: =PETUNJUK!B15 -> Karangrandu | N117: 1 | AJ117: =SUM(C117:AI117) -> 1
A118: 8 | B118: =PETUNJUK!B16 -> Kaliombo | O118: 1 | AJ118: =SUM(C118:AI118) -> 1
...

Sheet 4.Komp By Name
A1: LAPORAN KASUS RUJUKAN MATERNAL tahun 2026
A2: PUSKESMAS | D2: =D3 -> 0
A4: NO | B4: BULAN | C4: PUSKESMAS | D4: TANGGAL | E4: NAMA | G4: ALAMAT | H4: UMUR | I4: DIAGNOSA | J4: DIRUJUK KE | K4: KET
E5: Ibu | F5: Suami | H5: (TH)
A6: 1 | B6: Januari | C6: Pecangaan | D6: 46026 | E6: Anis Lailatul F. | F6: M. Sirojul | G6: Ngeling 4/3 | H6: 26 | I6: Partus Tak Maju | J6: RSU RA Kartini Jepara
A7: 2 | D7: 46038 | E7: Al Inayah | F7: Ardi Irawan | G7: Ngeling 2/4 | H7: 25 | I7: KPD | J7: RSU RA Kartini Jepara
A8: 3 | D8: 46046 | E8: Erya Tabita | F8: Krismanu | G8: Ngeling 1/6 | H8: 29 | I8: Hipertensi | J8: RS PKU Muhammadiyah Mayong
A9: 4 | D9: 46024 | E9: Sholikhatun | F9: A. Zakariya | G9: Gerdu 5/1 | H9: 24 | I9: KPD | J9: RSU RA Kartini Jepara
A10: 5 | D10: 46031 | E10: Widhia Putri A. | F10: M. Khoirul Alfin | G10: Gemulung 1/3 | H10: 24 | I10: KPD | J10: RSI Jepara
A11: 6 | D11: 46023 | E11: Aza Fauzun | F11: Mastukin | G11: Karangrandu 6/1 | H11: 34 | I11: Serotinus | J11: RSI Kudus
A12: 7 | D12: 46029 | E12: Elya Septia | F12: Rio Hermawan | G12: Krasak 3/2 | H12: 24 | I12: R. SC, Obesitas | J12: RSU RA Kartini Jepara
A13: 8 | D13: 46034 | E13: Layli Salamah | F13: Deni Miftakhudin | G13: Krasak 4/4 | H13: 28 | I13: KPD | J13: RS PKU Muhammadiyah Mayong
A14: 9 | D14: 46036 | E14: Umi Maghfiroh | F14: Ahmad. Muhlis | G14: Krasak 3/4 | H14: 35 | I14: PEB | J14: RSU RA Kartini Jepara
A15: 10 | D15: 46039 | E15: Sintha Widya | F15: Muhammad | G15: Pulodarat 10/2 | H15: 22 | I15: KPD | J15: PKU Aisiyah Jepara
A16: 11 | D16: 46043 | E16: Sri Martanti | F16: Sutikno | G16: Pecangan Kulon 5/2 | H16: 38 | I16: PEB | J16: RSU RA Kartini Jepara
A17: 12 | D17: 46028 | E17: Venty Zuli Astutik | F17: Khoirul Anam | G17: Troso 9/3 | H17: 36 | I17: PE + KPD | J17: RS PKU Muhammadiyah Mayong
A18: 13 | D18: 46031 | E18: Nur Jannah | F18: Edi Irawan | G18: Troso 6/6 | H18: 29 | I18: KPD | J18: RS PKU Muhammadiyah Mayong
... A48: 8 | D48: 46094 | E48: Farida Dwi A. | F48: Alfan Senibal | G48: Gemulung 1/2 | H48: 18 | I48: Partus Premature | J48: RS PKU Muhammadiyah Mayong
A49: 9 | D49: 46112 | E49: Dewi Umrotus Solikhah | G49: Rengging 20/3 | H49: 27 | I49: Gemelly | J49: RSU RA Kartini Jepara
A50: 10 | D50: 46094 | E50: Sri Rahmawati | F50: Abdullah Khanafi | G50: Pulodarat 7/1 | H50: 32 | I50: R.SC 2x | J50: RS PKU Muhammadiyah Mayong
A51: 11 | D51: 46087 | E51: Nur Hasanah | F51: Alimin | G51: Karangrandu 4/3 | H51: 31 | I51: Partus Tak Maju | J51: RS Graha Husada
A52: 1 | D52: 46118 | E52: Putri Indah | F52: Jahal | G52: Ngeling 1/3 | H52: 21 | I52: KPD | J52: PKU Aisiyah Jepara
A53: 2 | D53: 46121 | E53: Siti Khoiriyah | F53: M. chomfi | G53: Ngeling 6/2 | H53: 28 | I53: KPD | J53: PKU Aisiyah Jepara
A54: 3 | D54: 46131 | E54: Nur Malikah | F54: Nur Sholih | G54: Ngeling 1/2 | H54: 34 | I54: Hipertensi
A55: 4 | D55: 46126 | E55: Subhaweni | F55: Edi P. | G55: Ngeling 4/3 | H55: 31 | I55: Prematur | J55: Graha
A56: 5 | D56: 46121 | E56: Eka Dwi A. | F56: A. Shofiyulah | G56: Kaliombo 3/3 | H56: 26 | I56: KPD | J56: RSI
A57: 6 | D57: 46114 | E57: Diyah Putrei S. | F57: Alfin Anam Ma'ruf | G57: Troso 6/10 | H57: 20 | I57: IUGR + Anemia | J57: RSU RA Kartini Jepara
A58: 7 | D58: 46129 | E58: Noor Fadhilah | F58: Nor Soib | G58: Troso 2/1 | H58: 44 | I58: Plasenta Previa | J58: RSU RA Kartini Jepara
A59: 8 | D59: 46137 | E59: Indira Aprilia W. | F59: Ilham Maulana | G59: Troso 3/7 | H59: 22 | I59: KPD | J59: RS PKU Muhammadiyah Mayong
A60: 9 | D60: 46130 | E60: Sri Aminah | F60: Pasri | G60: Troso 08/10 | H60: 40 | I60: Abonrtus inkomplet | J60: RSB Resttu Ibu
A61: 10 | D61: 46140 | E61: Sulistyowati | F61: Setyo Yosep | G61: Troso 9/6 | H61: 40 | I61: Abortus Iminens | J61: RSU RA Kartini Jepara
A62: 11 | D62: 46115 | E62: Arum Laras R. | F62: Ferdian | G62: Pecangaan Kulon 3/1 | H62: 27 | I62: Partus Tak Maju | J62: Klinik Kumalasiwi Kudus
A63: 12 | D63: 46129 | E63: Surini | F63: Subagio | G63: Pecangaan Kulon 3/5 | H63: 42 | I63: Riwayat SC + PE | J63: RS PKU Muhammadiyah Mayong
A64: 13 | D64: 46134 | E64: Leni Sintia | F64: Suraji | G64: Pecangaan Kulon 4/7 | H64: 26 | I64: KPD | J64: RSI Sunan Kudus
A65: 14 | D65: 46132 | E65: Kustriana | F65: A. Aslon | G65: Pecangaan Kulon 2/7 | H65: 26 | I65: Abortus | J65: RS PKU Muhammadiyah Mayong
A66: 15 | D66: 46132 | E66: Mia Romadani | F66: M. Syahril | G66: Lebuawu 7/4 | H66: 24 | I66: PEB + Obesitas | J66: RSU RA Kartini Jepara
... A74: 23 | D74: 46142 | E74: Eva Amilia | F74: Pandu Dwi Jayanto | G74: Rengging 3/1 | H74: 26 | I74: Partus Tak Maju | J74: RSU RA Kartini Jepara

Sheet 5.Mati Maternal
A1: DATA REKAP BY NAME BY ADDRESS TAHUN 2026 JEPARA
A2: PUSKESMAS
A4: NO | B4: NAMA IBU | C4: NAMA SUAMI | D4: ALAMAT | E4: WILAYAH PUSKESMAS | F4: TANGGAL KEMATIAN | G4: USIA IBU | J4: PENDIDIKAN IBU | O4: G P A | P4: PARITAS | S4: FREK ANC | U4: JARAK ANAK | V4: JARAK KEHAMILAN TERAKHIR | X4: SEBAB KEMATIAN | AH4: MENINGGAL SAAT | AK4: PENOLONG PERSALINAN | AN4: TEMPAT PERSALINAN | AT4: RS | AU4: TEMPAT KEMATIAN | BA4: MATI DI RS | BC4: CARA PERSALINAN | BF4: RIWAYAT VAKSINASI COVID | BJ4: Keterangan
G5: < 20 TH | H5: 20 - 30 TH | I5: > 30 TH | J5: <SD | K5: SD | L5: SMP | M5: SMA | N5: PT | P5: PRIMI | Q5: MULTI | R5: GRANDE | S5: < 6 KALI | T5: > 6 KALI | V5: < 2 TH | W5: > 2 TH | X5: HIPERTENSI / EKLAMSI | Y5: PERDARAHAN | Z5: INFEKSI MASA NIFAS | AA5: ABORTUS | AB5: JANTUNG | AC5: GG sistem metabolik | AD5: GANGGUAN DARAH | AE5: KEHAMILAN EKTOPIK | AF5: COVID | AG5: LAIN2 (sebutkan) | AH5: HAMIL | AI5: BERSALIN NIFAS | AJ5: NIFAS | AK5: DUKUN | AL5: BIDAN | AM5: DOKTER | AN5: RUMAH | AO5: JALAN | AP5: BPM | AQ5: RB | AR5: PUSK | AS5: RS | AU5: RUMAH | AV5: JALAN | AW5: BPM | AX5: RB | AY5: PUSK | AZ5: RS | BA5: < 48 JAM | BB5: > 48 JAM | BC5: NORMAL | BD5: VE/Forcep | BE5: SC | BF5: TDK VAKSIN | BG5: V 1 | BH5: V2 | BI5: V3
A25: TOTAL | G25: =COUNTA(G6:G24) -> 0 | H25: =COUNTA(H6:H24) -> 0 | I25: =COUNTA(I6:I24) -> 0 | J25: =COUNTA(J6:J24) -> 0 | K25: =COUNTA(K6:K24) -> 0 | L25: =COUNTA(L6:L24) -> 0 | M25: =COUNTA(M6:M24) -> 0 | N25: =COUNTA(N6:N24) -> 0 | ... Z25: =COUNTA(Z6:Z24) -> 0 | AB25: =COUNTA(AB6:AB24) -> 0 | AC25: =COUNTA(AC6:AC24) -> 0 | AF25: =COUNTA(AF6:AF24) -> 0 | AG25: =COUNTA(AG6:AG24) -> 0 | AH25: =COUNTA(AH6:AH24) -> 0 | AI25: =COUNTA(AI6:AI24) -> 0 | AJ25: =COUNTA(AJ6:AJ24) -> 0 | AK25: =COUNTA(AK6:AK24) -> 0 | AL25: =COUNTA(AL6:AL24) -> 0 | AM25: =COUNTA(AM6:AM24) -> 0 | ... AS25: =COUNTA(AS6:AS24) -> 0 | AU25: =COUNTA(AU6:AU24) -> 0 | AV25: =COUNTA(AV6:AV24) -> 0 | AW25: =COUNTA(AW6:AW24) -> 0 | AX25: =COUNTA(AX6:AX24) -> 0 | AY25: =COUNTA(AY6:AY24) -> 0 | AZ25: =COUNTA(AZ6:AZ24) -> 0 | BA25: =COUNTA(BA6:BA24) -> 0 | BB25: =COUNTA(BB6:BB24) -> 0 | ... BI25: =COUNTA(BI6:BI24) -> 0

Sheet 6.P4K
C1: LAPORAN HASIL PELAKSANAAN P4K
C2: PUSKESMAS : | E2: =PETUNJUK!C5 -> PECANGAAN
C3: BULAN : | E3: ='1.DATA KIA'!C4 -> JANUARI | V3: Lamp. 1 | AO3: Lamp. 2
A5: NO | B5: DESA | C5: SASARAN BUMIL | D5: BUMIL TERPASANG STIKER | H5: BUMIL TERPASANG STIKER BERSALIN | L5: HASIL AKHIR AMANAT PERSALINAN | Z5: HASIL AKHIR PELAYANAN AMANAT PERSALINAN
D6: Bln Lalu | E6: Bln ini | F6: ABS | G6: % | H6: Bln Lalu | I6: Bln ini | J6: ABS | K6: % | L6: FREK ANC | N6: PAHAM TANDA BAHAYA KEHAMILAN DAN PERSALINAN | P6: PENOLONG PERSALINAN | S6: TEMPAT BERSALIN | Z6: PENDAMPINGAN PERSALINAN | AC6: KESIAPAN TRANSPORTASI | AE6: DONOR DARAH | AG6: KB YANG DIGUNAKAN | AM6: KEADAAN
L7: > 4 KL | M7: < 4 KL | N7: TAHU | O7: TIDAK | P7: BIDAN | Q7: DUKUN | R7: DOKTER | S7: PUSK | T7: PKD | U7: RS | V7: RB | W7: RUMAH | Z7: KELUARGA | AA7: DUKUN | AB7: BIDAN | AC7: KLG | AD7: DESA | AE7: KLG | AF7: DESA | AG7: BLM | AH7: KOND | AI7: SUNT | AJ7: PIL | AK7: IMPL | AL7: LAIN2 | AM7: IBU | AO7: BAYI
W8: BIDAN | X8: SENDIRI | AM8: HIDUP | AN8: MATI | AO8: HIDUP | AP8: MATI
A9: 1 | B9: =PETUNJUK!B9 -> Pecangaan Kulon | C9: ='1.DATA KIA'!C9 -> 101.2 | D9: 0 | E9: ='1.DATA KIA'!F9 -> 7 | F9: =D9+E9 -> 7 | G9: =F9/C9*100 -> 6.916996 | H9: 0 | I9: ='1.DATA KIA'!AB9+'1.DATA KIA'!AE9 -> 10 | J9: =H9+I9 -> 10 | K9: =J9/C9*100 -> 9.8814229 | L9: =I9 -> 10 | N9: =I9 -> 10 | P9: 7 | R9: =I9-P9 -> 3 | S9: 1 | U9: 3 | W9: =I9-(S9+T9+U9+V9) -> 6 | Z9: =S9+T9+W9+X9 -> 7 | AB9: =I9-Z9 -> 3 | AC9: =I9 -> 10 | AE9: =I9 -> 10 | AG9: =I9-(AH9+AI9+AJ9+AK9+AL9) -> 3 | AI9: 4 | AJ9: 1 | AK9: 1 | AL9: 1 | AM9: =I9 -> 10 | AO9: =I9 -> 10
A10: 2 | B10: =PETUNJUK!B10 -> Rengging | C10: ='1.DATA KIA'!C10 -> 111.1 | D10: 0 | E10: ='1.DATA KIA'!F10 -> 23 | F10: =D10+E10 -> 23 | G10: =F10/C10*100 -> 20.70207 | H10: 0 | I10: ='1.DATA KIA'!AB10+'1.DATA KIA'!AE10 -> 14 | J10: =H10+I10 -> 14 | K10: =J10/C10*100 -> 12.60126 | L10: =I10 -> 14 | N10: =I10 -> 14 | P10: 7 | R10: =I10-P10 -> 7 | S10: 1 | U10: 9 | W10: =I10-(S10+T10+U10+V10) -> 4 | Z10: =S10+T10+W10+X10 -> 5 | AB10: =I10-Z10 -> 9 | AC10: =I10 -> 14 | AE10: =I10 -> 14 | AG10: =I10-(AH10+AI10+AJ10+AK10+AL10) -> 0 | AI10: 13 | AL10: 1 | AM10: =I10 -> 14 | AO10: =I10 -> 14
A11: 3 | B11: =PETUNJUK!B11 -> Troso | C11: ='1.DATA KIA'!C11 -> 205.7 | D11: 0 | E11: ='1.DATA KIA'!F11 -> 18 | F11: =D11+E11 -> 18 | G11: =F11/C11*100 -> 8.7506077 | H11: 0 | I11: ='1.DATA KIA'!AB11+'1.DATA KIA'!AE11 -> 17 | J11: =H11+I11 -> 17 | K11: =J11/C11*100 -> 8.2644628 | L11: =I11 -> 17 | N11: =I11 -> 17 | P11: 10 | R11: =I11-P11 -> 7 | S11: 3 | U11: 6 | W11: =I11-(S11+T11+U11+V11) -> 8 | Z11: =S11+T11+W11+X11 -> 11 | AB11: =I11-Z11 -> 6 | AC11: =I11 -> 17 | AE11: =I11 -> 17 | AG11: =I11-(AH11+AI11+AJ11+AK11+AL11) -> 0 | AI11: 17 | AM11: =I11 -> 17 | AO11: =I11 -> 17
A12: 4 | B12: =PETUNJUK!B12 -> Ngeling | C12: ='1.DATA KIA'!C12 -> 95.7 | D12: 0 | E12: ='1.DATA KIA'!F12 -> 7 | F12: =D12+E12 -> 7 | G12: =F12/C12*100 -> 7.3145246 | H12: 0 | I12: ='1.DATA KIA'!AB12+'1.DATA KIA'!AE12 -> 9 | J12: =H12+I12 -> 9 | K12: =J12/C12*100 -> 9.4043887 | L12: =I12 -> 9 | N12: =I12 -> 9 | P12: 6 | R12: =I12-P12 -> 3 | S12: 0 | U12: 3 | W12: =I12-(S12+T12+U12+V12) -> 6 | Z12: =S12+T12+W12+X12 -> 6 | AB12: =I12-Z12 -> 3 | AC12: =I12 -> 9 | AE12: =I12 -> 9 | AG12: =I12-(AH12+AI12+AJ12+AK12+AL12) -> 0 | AI12: 9 | AM12: =I12 -> 9 | AO12: =I12 -> 9
A13: 5 | B13: =PETUNJUK!B13 -> Lebuawu | C13: ='1.DATA KIA'!C13 -> 85.8 | D13: 0 | E13: ='1.DATA KIA'!F13 -> 9 | F13: =D13+E13 -> 9 | G13: =F13/C13*100 -> 10.48951 | H13: 0 | I13: ='1.DATA KIA'!AB13+'1.DATA KIA'!AE13 -> 7 | J13: =H13+I13 -> 7 | K13: =J13/C13*100 -> 8.1585082 | L13: =I13 -> 7 | N13: =I13 -> 7 | P13: 5 | R13: =I13-P13 -> 2 | S13: 3 | U13: 2 | W13: =I13-(S13+T13+U13+V13) -> 2 | Z13: =S13+T13+W13+X13 -> 5 | AB13: =I13-Z13 -> 2 | AC13: =I13 -> 7 | AE13: =I13 -> 7 | AG13: =I13-(AH13+AI13+AJ13+AK13+AL13) -> 0 | AI13: 5 | AL13: 2 | AM13: =I13 -> 7 | AO13: =I13 -> 7
A14: 6 | B14: =PETUNJUK!B14 -> Pulodarat | C14: ='1.DATA KIA'!C14 -> 82.5 | D14: 0 | E14: ='1.DATA KIA'!F14 -> 5 | F14: =D14+E14 -> 5 | G14: =F14/C14*100 -> 6.0606061 | H14: 0 | I14: ='1.DATA KIA'!AB14+'1.DATA KIA'!AE14 -> 7 | J14: =H14+I14 -> 7 | K14: =J14/C14*100 -> 8.4848485 | L14: =I14 -> 7 | N14: =I14 -> 7 | P14: 6 | R14: =I14-P14 -> 1 | S14: 0 | U14: 1 | W14: =I14-(S14+T14+U14+V14) -> 6 | Z14: =S14+T14+W14+X14 -> 6 | AB14: =I14-Z14 -> 1 | AC14: =I14 -> 7 | AE14: =I14 -> 7 | AG14: =I14-(AH14+AI14+AJ14+AK14+AL14) -> 0 | AI14: 4 | AK14: 3 | AM14: =I14 -> 7 | AO14: =I14 -> 7
A15: 7 | B15: =PETUNJUK!B15 -> Karangrandu | C15: ='1.DATA KIA'!C15 -> 93.5 | D15: 0 | E15: ='1.DATA KIA'!F15 -> 7 | F15: =D15+E15 -> 7 | G15: =F15/C15*100 -> 7.486631 | H15: 0 | I15: ='1.DATA KIA'!AB15+'1.DATA KIA'!AE15 -> 5 | J15: =H15+I15 -> 5 | K15: =J15/C15*100 -> 5.3475936 | L15: =I15 -> 5 | N15: =I15 -> 5 | P15: 3 | R15: =I15-P15 -> 2 | S15: 1 | U15: 2 | W15: =I15-(S15+T15+U15+V15) -> 2 | Z15: =S15+T15+W15+X15 -> 3 | AB15: =I15-Z15 -> 2 | AC15: =I15 -> 5 | AE15: =I15 -> 5 | AG15: =I15-(AH15+AI15+AJ15+AK15+AL15) -> 0 | AI15: 4 | AK15: 1 | AM15: =I15 -> 5 | AO15: =I15 -> 5
A16: 8 | B16: =PETUNJUK!B16 -> Kaliombo | C16: ='1.DATA KIA'!C16 -> 46.2 | D16: 0 | E16: ='1.DATA KIA'!F16 -> 1 | F16: =D16+E16 -> 1 | G16: =F16/C16*100 -> 2.1645022 | H16: 0 | I16: ='1.DATA KIA'!AB16+'1.DATA KIA'!AE16 -> 1 | J16: =H16+I16 -> 1 | K16: =J16/C16*100 -> 2.1645022 | L16: =I16 -> 1 | N16: =I16 -> 1 | P16: 1 | R16: =I16-P16 -> 0 | S16: 0 | U16: 0 | W16: =I16-(S16+T16+U16+V16) -> 1 | Z16: =S16+T16+W16+X16 -> 1 | AB16: =I16-Z16 -> 0 | AC16: =I16 -> 1 | AE16: =I16 -> 1 | AG16: =I16-(AH16+AI16+AJ16+AK16+AL16) -> 0 | AI16: 1 | AM16: =I16 -> 1 | AO16: =I16 -> 1
A17: 9 | B17: =PETUNJUK!B17 -> Gemulung | C17: ='1.DATA KIA'!C17 -> 53.9 | D17: 0 | E17: ='1.DATA KIA'!F17 -> 4 | F17: =D17+E17 -> 4 | G17: =F17/C17*100 -> 7.4211503 | H17: 0 | I17: ='1.DATA KIA'!AB17+'1.DATA KIA'!AE17 -> 3 | J17: =H17+I17 -> 3 | K17: =J17/C17*100 -> 5.5658627 | L17: =I17 -> 3 | N17: =I17 -> 3 | P17: 2 | R17: =I17-P17 -> 1 | S17: 1 | U17: 1 | W17: =I17-(S17+T17+U17+V17) -> 1 | Z17: =S17+T17+W17+X17 -> 2 | AB17: =I17-Z17 -> 1 | AC17: =I17 -> 3 | AE17: =I17 -> 3 | AG17: =I17-(AH17+AI17+AJ17+AK17+AL17) -> 0 | AI17: 3 | AM17: =I17 -> 3 | AO17: =I17 -> 3
A18: 10 | B18: =PETUNJUK!B18 -> Pecangaan Wetan | C18: ='1.DATA KIA'!C18 -> 50.6 | D18: 0 | E18: ='1.DATA KIA'!F18 -> 4 | F18: =D18+E18 -> 4 | G18: =F18/C18*100 -> 7.9051383 | H18: 0 | I18: ='1.DATA KIA'!AB18+'1.DATA KIA'!AE18 -> 7 | J18: =H18+I18 -> 7 | K18: =J18/C18*100 -> 13.833992 | L18: =I18 -> 7 | N18: =I18 -> 7 | P18: 5 | R18: =I18-P18 -> 2 | S18: 0 | U18: 2 | W18: =I18-(S18+T18+U18+V18) -> 5 | Z18: =S18+T18+W18+X18 -> 5 | AB18: =I18-Z18 -> 2 | AC18: =I18 -> 7 | AE18: =I18 -> 7 | AG18: =I18-(AH18+AI18+AJ18+AK18+AL18) -> 0 | AI18: 5 | AL18: 2 | AM18: =I18 -> 7 | AO18: =I18 -> 7
A19: 11 | B19: =PETUNJUK!B19 -> Krasak | C19: ='1.DATA KIA'!C19 -> 117.7 | D19: 0 | E19: ='1.DATA KIA'!F19 -> 15 | F19: =D19+E19 -> 15 | G19: =F19/C19*100 -> 12.744265 | H19: 0 | I19: ='1.DATA KIA'!AB19+'1.DATA KIA'!AE19 -> 8 | J19: =H19+I19 -> 8 | K19: =J19/C19*100 -> 6.7969414 | L19: =I19 -> 8 | N19: =I19 -> 8 | P19: 4 | R19: =I19-P19 -> 4 | S19: 0 | U19: 6 | W19: =I19-(S19+T19+U19+V19) -> 2 | Z19: =S19+T19+W19+X19 -> 2 | AB19: =I19-Z19 -> 6 | AC19: =I19 -> 8 | AE19: =I19 -> 8 | AG19: =I19-(AH19+AI19+AJ19+AK19+AL19) -> 0 | AI19: 6 | AK19: 1 | AL19: 1 | AM19: =I19 -> 8 | AO19: =I19 -> 8
A20: 12 | B20: =PETUNJUK!B20 -> Gerdu | C20: ='1.DATA KIA'!C20 -> 23.1 | D20: 0 | E20: ='1.DATA KIA'!F20 -> 1 | F20: =D20+E20 -> 1 | G20: =F20/C20*100 -> 4.3290043 | H20: 0 | I20: ='1.DATA KIA'!AB20+'1.DATA KIA'!AE20 -> 2 | J20: =H20+I20 -> 2 | K20: =J20/C20*100 -> 8.6580087 | L20: =I20 -> 2 | N20: =I20 -> 2 | P20: 0 | R20: =I20-P20 -> 2 | S20: 0 | U20: 2 | W20: =I20-(S20+T20+U20+V20) -> 0 | Z20: =S20+T20+W20+X20 -> 0 | AB20: =I20-Z20 -> 2 | AC20: =I20 -> 2 | AE20: =I20 -> 2 | AG20: =I20-(AH20+AI20+AJ20+AK20+AL20) -> 0 | AI20: 2 | AM20: =I20 -> 2 | AO20: =I20 -> 2
A21: 13 | B21: =PETUNJUK!B21 -> 0 | C21: ='1.DATA KIA'!C21 -> 0 | D21: 0 | E21: ='1.DATA KIA'!F21 -> 0 | F21: =D21+E21 -> 0 | G21: =F21/C21*100 -> #DIV/0! | H21: 0 | I21: ='1.DATA KIA'!AB21+'1.DATA KIA'!AE21 -> 0 | J21: =H21+I21 -> 0 | K21: =J21/C21*100 -> #DIV/0!
A22: 14 | B22: =PETUNJUK!B22 -> 0 | C22: ='1.DATA KIA'!C22 -> 0 | D22: 0 | E22: ='1.DATA KIA'!F22 -> 0 | F22: =D22+E22 -> 0 | G22: =F22/C22*100 -> #DIV/0! | H22: 0 | I22: ='1.DATA KIA'!AB22+'1.DATA KIA'!AE22 -> 0 | J22: =H22+I22 -> 0 | K22: =J22/C22*100 -> #DIV/0!
A23: 15 | B23: =PETUNJUK!B23 -> 0 | C23: ='1.DATA KIA'!C23 -> 0 | D23: 0 | E23: ='1.DATA KIA'!F23 -> 0 | F23: =D23+E23 -> 0 | G23: =F23/C23*100 -> #DIV/0! | H23: 0 | I23: ='1.DATA KIA'!AB23+'1.DATA KIA'!AE23 -> 0 | J23: =H23+I23 -> 0 | K23: =J23/C23*100 -> #DIV/0!
A24: 16 | B24: =PETUNJUK!B24 -> 0 | C24: ='1.DATA KIA'!C24 -> 0 | D24: 0 | E24: ='1.DATA KIA'!F24 -> 0 | F24: =D24+E24 -> 0 | G24: =F24/C24*100 -> #DIV/0! | H24: 0 | I24: ='1.DATA KIA'!AB24+'1.DATA KIA'!AE24 -> 0 | J24: =H24+I24 -> 0 | K24: =J24/C24*100 -> #DIV/0!
A25: 17 | B25: =PETUNJUK!B25 -> 0 | C25: ='1.DATA KIA'!C25 -> 0 | D25: 0 | E25: ='1.DATA KIA'!F25 -> 0 | F25: =D25+E25 -> 0 | G25: =F25/C25*100 -> #DIV/0! | H25: 0 | I25: ='1.DATA KIA'!AB25+'1.DATA KIA'!AE25 -> 0 | J25: =H25+I25 -> 0 | K25: =J25/C25*100 -> #DIV/0!
A26: 18 | B26: =PETUNJUK!B26 -> 0 | C26: ='1.DATA KIA'!C26 -> 0 | D26: 0 | E26: ='1.DATA KIA'!F26 -> 0 | F26: =D26+E26 -> 0 | G26: =F26/C26*100 -> #DIV/0! | H26: 0 | I26: ='1.DATA KIA'!AB26+'1.DATA KIA'!AE26 -> 0 | J26: =H26+I26 -> 0 | K26: =J26/C26*100 -> #DIV/0!
A27: 19 | B27: =PETUNJUK!B27 -> 0 | C27: ='1.DATA KIA'!C27 -> 0 | D27: 0 | E27: ='1.DATA KIA'!F27 -> 0 | F27: =D27+E27 -> 0 | G27: =F27/C27*100 -> #DIV/0! | H27: 0 | I27: ='1.DATA KIA'!AB27+'1.DATA KIA'!AE27 -> 0 | J27: =H27+I27 -> 0 | K27: =J27/C27*100 -> #DIV/0!
A28: 20 | B28: =PETUNJUK!B28 -> 0 | C28: ='1.DATA KIA'!C28 -> 0 | D28: 0 | E28: ='1.DATA KIA'!F28 -> 0 | F28: =D28+E28 -> 0 | G28: =F28/C28*100 -> #DIV/0! | H28: 0 | I28: ='1.DATA KIA'!AB28+'1.DATA KIA'!AE28 -> 0 | J28: =H28+I28 -> 0 | K28: =J28/C28*100 -> #DIV/0!
A29: 21 | B29: =PETUNJUK!B29 -> 0 | C29: ='1.DATA KIA'!C29 -> 0 | D29: 0 | E29: ='1.DATA KIA'!F29 -> 0 | F29: =D29+E29 -> 0 | G29: =F29/C29*100 -> #DIV/0! | H29: 0 | I29: ='1.DATA KIA'!AB29+'1.DATA KIA'!AE29 -> 0 | J29: =H29+I29 -> 0 | K29: =J29/C29*100 -> #DIV/0!
A30: 22 | B30: =PETUNJUK!B30 -> 0 | C30: ='1.DATA KIA'!C30 -> 0 | D30: 0 | E30: ='1.DATA KIA'!F30 -> 0 | F30: =D30+E30 -> 0 | G30: =F30/C30*100 -> #DIV/0! | H30: 0 | I30: ='1.DATA KIA'!AB30+'1.DATA KIA'!AE30 -> 0 | J30: =H30+I30 -> 0 | K30: =J30/C30*100 -> #DIV/0!
A31: JUMLAH | C31: =SUM(C9:C30) -> 1067 | D31: =SUM(D9:D30) -> 0 | E31: =SUM(E9:E30) -> 101 | F31: =SUM(F9:F30) -> 101 | G31: =F31/C31*100 -> 9.4657919 | H31: =SUM(H9:H30) -> 0 | I31: =SUM(I9:I30) -> 90 | J31: =SUM(J9:J30) -> 90 | K31: =J31/C31*100 -> 8.4348641 | L31: =SUM(L9:L30) -> 90 | M31: =SUM(M9:M30) -> 0 | N31: =SUM(N9:N30) -> 90 | O31: =SUM(O9:O30) -> 0 | P31: =SUM(P9:P30) -> 56 | Q31: =SUM(Q9:Q30) -> 0 | R31: =SUM(R9:R30) -> 34 | S31: =SUM(S9:S30) -> 10 | ... X31: =SUM(X9:X30) -> 0 | Z31: =SUM(Z9:Z30) -> 53 | AA31: =SUM(AA9:AA30) -> 0 | AB31: =SUM(AB9:AB30) -> 37 | AC31: =SUM(AC9:AC30) -> 90 | AD31: =SUM(AD9:AD30) -> 0 | AE31: =SUM(AE9:AE30) -> 90 | AF31: =SUM(AF9:AF30) -> 0 | AG31: =SUM(AG9:AG30) -> 3 | ... AP31: =SUM(AP9:AP30) -> 0
C36: LAPORAN HASIL PELAKSANAAN P4K
C37: PUSKESMAS : | E37: =PETUNJUK!C5 -> PECANGAAN | V37: Lamp. 1 | AO37: Lamp. 2
C38: BULAN : | E38: ='1.DATA KIA'!C38 -> PEBRUARI
A40: NO | B40: DESA | C40: SASARAN BUMIL | D40: BUMIL TERPASANG STIKER | H40: BUMIL TERPASANG STIKER BERSALIN | L40: HASIL AKHIR AMANAT PERSALINAN | Z40: HASIL AKHIR PELAYANAN AMANAT PERSALINAN
D41: Bln Lalu | E41: Bln ini | F41: ABS | G41: % | H41: Bln Lalu | I41: Bln ini | J41: ABS | K41: % | L41: FREK ANC | N41: PAHAM TANDA BAHAYA KEHAMILAN DAN PERSALINAN | P41: PENOLONG PERSALINAN | S41: TEMPAT BERSALIN | Z41: PENDAMPINGAN PERSALINAN | AC41: KESIAPAN TRANSPORTASI | AE41: DONOR DARAH | AG41: KB YANG DIGUNAKAN | AM41: KEADAAN
L42: > 4 KL | M42: < 4 KL | N42: TAHU | O42: TIDAK | P42: BIDAN | Q42: DUKUN | R42: DOKTER | S42: PUSK | T42: PKD | U42: RS | V42: RB | W42: RUMAH | Z42: KELUARGA | AA42: DUKUN | AB42: BIDAN | AC42: KLG | AD42: DESA | AE42: KLG | AF42: DESA | AG42: BLM | AH42: KOND | AI42: SUNT | AJ42: PIL | AK42: IMPL | AL42: LAIN2 | AM42: IBU | AO42: BAYI
W43: BIDAN | X43: SENDIRI | AM43: HIDUP | AN43: MATI | AO43: HIDUP | AP43: MATI
A44: 1 | B44: =PETUNJUK!B9 -> Pecangaan Kulon | C44: ='1.DATA KIA'!C43 -> 101.2 | D44: =F9 -> 7 | E44: ='1.DATA KIA'!F43 -> 8 | F44: =D44+E44 -> 15 | G44: =F44/C44*100 -> 14.822134 | H44: =J9 -> 10 | I44: ='1.DATA KIA'!AB43+'1.DATA KIA'!AE43 -> 7 | J44: =H44+I44 -> 17 | K44: =J44/C44*100 -> 16.798419 | L44: =I44 -> 7 | N44: =I44 -> 7 | P44: 3 | R44: =I44-P44 -> 4 | S44: 0 | U44: 4 | W44: =I44-(S44+T44+U44+V44) -> 3 | Z44: =S44+T44+W44+X44 -> 3 | AB44: =I44-Z44 -> 4 | AC44: =I44 -> 7 | AE44: =I44 -> 7 | AG44: =I44-(AH44+AI44+AJ44+AK44+AL44) -> 0 | AI44: 4 | AL44: 3 | AM44: =I44 -> 7 | AO44: =I44 -> 7
A45: 2 | B45: =PETUNJUK!B10 -> Rengging | C45: ='1.DATA KIA'!C44 -> 111.1 | D45: =F10 -> 23 | E45: ='1.DATA KIA'!F44 -> 6 | F45: =D45+E45 -> 29 | G45: =F45/C45*100 -> 26.10261 | H45: =J10 -> 14 | I45: ='1.DATA KIA'!AB44+'1.DATA KIA'!AE44 -> 4 | J45: =H45+I45 -> 18 | K45: =J45/C45*100 -> 16.20162 | L45: =I45 -> 4 | N45: =I45 -> 4 | P45: 2 | R45: =I45-P45 -> 2 | S45: 1 | U45: 2 | W45: =I45-(S45+T45+U45+V45) -> 1 | Z45: =S45+T45+W45+X45 -> 2 | AB45: =I45-Z45 -> 2 | AC45: =I45 -> 4 | AE45: =I45 -> 4 | AG45: =I45-(AH45+AI45+AJ45+AK45+AL45) -> 0 | AI45: 4 | AM45: =I45 -> 4 | AO45: =I45 -> 4
A46: 3 | B46: =PETUNJUK!B11 -> Troso | C46: ='1.DATA KIA'!C45 -> 205.7 | D46: =F11 -> 18 | E46: ='1.DATA KIA'!F45 -> 17 | F46: =D46+E46 -> 35 | G46: =F46/C46*100 -> 17.01507 | H46: =J11 -> 17 | I46: ='1.DATA KIA'!AB45+'1.DATA KIA'!AE45 -> 17 | J46: =H46+I46 -> 34 | K46: =J46/C46*100 -> 16.528926 | L46: =I46 -> 17 | N46: =I46 -> 17 | P46: 8 | R46: =I46-P46 -> 9 | S46: 2 | U46: 1 | W46: =I46-(S46+T46+U46+V46) -> 14 | Z46: =S46+T46+W46+X46 -> 16 | AB46: =I46-Z46 -> 1 | AC46: =I46 -> 17 | AE46: =I46 -> 17 | AG46: =I46-(AH46+AI46+AJ46+AK46+AL46) -> 0 | AI46: 13 | AJ46: 2 | AL46: 2 | AM46: =I46 -> 17 | AO46: =I46 -> 17
A47: 4 | B47: =PETUNJUK!B12 -> Ngeling | C47: ='1.DATA KIA'!C46 -> 95.7 | D47: =F12 -> 7 | E47: ='1.DATA KIA'!F46 -> 4 | F47: =D47+E47 -> 11 | G47: =F47/C47*100 -> 11.494253 | H47: =J12 -> 9 | I47: ='1.DATA KIA'!AB46+'1.DATA KIA'!AE46 -> 7 | J47: =H47+I47 -> 16 | K47: =J47/C47*100 -> 16.718913 | L47: =I47 -> 7 | N47: =I47 -> 7 | P47: 3 | R47: =I47-P47 -> 4 | S47: 1 | U47: 0 | W47: =I47-(S47+T47+U47+V47) -> 6 | Z47: =S47+T47+W47+X47 -> 7 | AB47: =I47-Z47 -> 0 | AC47: =I47 -> 7 | AE47: =I47 -> 7 | AG47: =I47-(AH47+AI47+AJ47+AK47+AL47) -> 0 | AI47: 7 | AM47: =I47 -> 7 | AO47: =I47 -> 7
A48: 5 | B48: =PETUNJUK!B13 -> Lebuawu | C48: ='1.DATA KIA'!C47 -> 85.8 | D48: =F13 -> 9 | E48: ='1.DATA KIA'!F47 -> 11 | F48: =D48+E48 -> 20 | G48: =F48/C48*100 -> 23.310023 | H48: =J13 -> 7 | I48: ='1.DATA KIA'!AB47+'1.DATA KIA'!AE47 -> 4 | J48: =H48+I48 -> 11 | K48: =J48/C48*100 -> 12.820513 | L48: =I48 -> 4 | N48: =I48 -> 4 | P48: 3 | R48: =I48-P48 -> 1 | S48: 1 | U48: 4 | W48: =I48-(S48+T48+U48+V48) -> -1 | Z48: =S48+T48+W48+X48 -> 0 | AB48: =I48-Z48 -> 4 | AC48: =I48 -> 4 | AE48: =I48 -> 4 | AG48: =I48-(AH48+AI48+AJ48+AK48+AL48) -> 0 | AI48: 4 | AM48: =I48 -> 4 | AO48: =I48 -> 4
A49: 6 | B49: =PETUNJUK!B14 -> Pulodarat | C49: ='1.DATA KIA'!C48 -> 82.5 | D49: =F14 -> 5 | E49: ='1.DATA KIA'!F48 -> 4 | F49: =D49+E49 -> 9 | G49: =F49/C49*100 -> 10.909091 | H49: =J14 -> 7 | I49: ='1.DATA KIA'!AB48+'1.DATA KIA'!AE48 -> 4 | J49: =H49+I49 -> 11 | K49: =J49/C49*100 -> 13.333333 | L49: =I49 -> 4 | N49: =I49 -> 4 | P49: 2 | R49: =I49-P49 -> 2 | S49: 0 | U49: 1 | W49: =I49-(S49+T49+U49+V49) -> 3 | Z49: =S49+T49+W49+X49 -> 3 | AB49: =I49-Z49 -> 1 | AC49: =I49 -> 4 | AE49: =I49 -> 4 | AG49: =I49-(AH49+AI49+AJ49+AK49+AL49) -> 0 | AI49: 4 | AM49: =I49 -> 4 | AO49: =I49 -> 4
A50: 7 | B50: =PETUNJUK!B15 -> Karangrandu | C50: ='1.DATA KIA'!C49 -> 93.5 | D50: =F15 -> 7 | E50: ='1.DATA KIA'!F49 -> 8 | F50: =D50+E50 -> 15 | G50: =F50/C50*100 -> 16.042781 | H50: =J15 -> 5 | I50: ='1.DATA KIA'!AB49+'1.DATA KIA'!AE49 -> 5 | J50: =H50+I50 -> 10 | K50: =J50/C50*100 -> 10.695187 | L50: =I50 -> 5 | N50: =I50 -> 5 | P50: 3 | R50: =I50-P50 -> 2 | S50: 0 | U50: 2 | W50: =I50-(S50+T50+U50+V50) -> 3 | Z50: =S50+T50+W50+X50 -> 3 | AB50: =I50-Z50 -> 2 | AC50: =I50 -> 5 | AE50: =I50 -> 5 | AG50: =I50-(AH50+AI50+AJ50+AK50+AL50) -> 0 | AI50: 5 | AM50: =I50 -> 5 | AO50: 4 | AQ50: IUFD
A51: 8 | B51: =PETUNJUK!B16 -> Kaliombo | C51: ='1.DATA KIA'!C50 -> 46.2 | D51: =F16 -> 1 | E51: ='1.DATA KIA'!F50 -> 5 | F51: =D51+E51 -> 6 | G51: =F51/C51*100 -> 12.987013 | H51: =J16 -> 1 | I51: ='1.DATA KIA'!AB50+'1.DATA KIA'!AE50 -> 5 | J51: =H51+I51 -> 6 | K51: =J51/C51*100 -> 12.987013 | L51: =I51 -> 5 | N51: =I51 -> 5 | P51: 3 | R51: =I51-P51 -> 2 | S51: 1 | U51: 1 | W51: =I51-(S51+T51+U51+V51) -> 3 | Z51: =S51+T51+W51+X51 -> 4 | AB51: =I51-Z51 -> 1 | AC51: =I51 -> 5 | AE51: =I51 -> 5 | AG51: =I51-(AH51+AI51+AJ51+AK51+AL51) -> 0 | AI51: 4 | AK51: 1 | AM51: =I51 -> 5 | AO51: =I51 -> 5
A52: 9 | B52: =PETUNJUK!B17 -> Gemulung | C52: ='1.DATA KIA'!C51 -> 53.9 | D52: =F17 -> 4 | E52: ='1.DATA KIA'!F51 -> 5 | F52: =D52+E52 -> 9 | G52: =F52/C52*100 -> 16.697588 | H52: =J17 -> 3 | I52: ='1.DATA KIA'!AB51+'1.DATA KIA'!AE51 -> 5 | J52: =H52+I52 -> 8 | K52: =J52/C52*100 -> 14.842301 | L52: =I52 -> 5 | N52: =I52 -> 5 | P52: 3 | R52: =I52-P52 -> 2 | S52: 0 | U52: 2 | W52: =I52-(S52+T52+U52+V52) -> 3 | Z52: =S52+T52+W52+X52 -> 3 | AB52: =I52-Z52 -> 2 | AC52: =I52 -> 5 | AE52: =I52 -> 5 | AG52: =I52-(AH52+AI52+AJ52+AK52+AL52) -> 0 | AI52: 4 | AK52: 1 | AM52: =I52 -> 5 | AO52: =I52 -> 5
A53: 10 | B53: =PETUNJUK!B18 -> Pecangaan Wetan | C53: ='1.DATA KIA'!C52 -> 50.6 | D53: =F18 -> 4 | E53: ='1.DATA KIA'!F52 -> 6 | F53: =D53+E53 -> 10 | G53: =F53/C53*100 -> 19.762846 | H53: =J18 -> 7 | I53: ='1.DATA KIA'!AB52+'1.DATA KIA'!AE52 -> 3 | J53: =H53+I53 -> 10 | K53: =J53/C53*100 -> 19.762846 | L53: =I53 -> 3 | N53: =I53 -> 3 | P53: 2 | R53: =I53-P53 -> 1 | S53: 0 | U53: 2 | W53: =I53-(S53+T53+U53+V53) -> 1 | Z53: =S53+T53+W53+X53 -> 1 | AB53: =I53-Z53 -> 2 | AC53: =I53 -> 3 | AE53: =I53 -> 3 | AG53: =I53-(AH53+AI53+AJ53+AK53+AL53) -> 0 | AI53: 3 | AM53: =I53 -> 3 | AO53: =I53 -> 3
A54: 11 | B54: =PETUNJUK!B19 -> Krasak | C54: ='1.DATA KIA'!C53 -> 117.7 | D54: =F19 -> 15 | E54: ='1.DATA KIA'!F53 -> 10 | F54: =D54+E54 -> 25 | G54: =F54/C54*100 -> 21.240442 | H54: =J19 -> 8 | I54: ='1.DATA KIA'!AB53+'1.DATA KIA'!AE53 -> 6 | J54: =H54+I54 -> 14 | K54: =J54/C54*100 -> 11.894647 | L54: =I54 -> 6 | N54: =I54 -> 6 | P54: 4 | R54: =I54-P54 -> 2 | S54: 0 | U54: 1 | W54: =I54-(S54+T54+U54+V54) -> 5 | Z54: =S54+T54+W54+X54 -> 5 | AB54: =I54-Z54 -> 1 | AC54: =I54 -> 6 | AE54: =I54 -> 6 | AG54: =I54-(AH54+AI54+AJ54+AK54+AL54) -> 0 | AI54: 6 | AM54: =I54 -> 6 | AO54: =I54 -> 6
A55: 12 | B55: =PETUNJUK!B20 -> Gerdu | C55: ='1.DATA KIA'!C54 -> 23.1 | D55: =F20 -> 1 | E55: ='1.DATA KIA'!F54 -> 1 | F55: =D55+E55 -> 2 | G55: =F55/C55*100 -> 8.6580087 | H55: =J20 -> 2 | I55: ='1.DATA KIA'!AB54+'1.DATA KIA'!AE54 -> 1 | J55: =H55+I55 -> 3 | K55: =J55/C55*100 -> 12.987013 | L55: =I55 -> 1 | N55: =I55 -> 1 | P55: 1 | R55: =I55-P55 -> 0 | S55: 0 | U55: 2 | W55: =I55-(S55+T55+U55+V55) -> -1 | Z55: =S55+T55+W55+X55 -> -1 | AB55: =I55-Z55 -> 2 | AC55: =I55 -> 1 | AE55: =I55 -> 1 | AG55: =I55-(AH55+AI55+AJ55+AK55+AL55) -> 0 | AI55: 1 | AM55: =I55 -> 1 | AO55: =I55 -> 1
A56: 13 | B56: =PETUNJUK!B21 -> 0 | C56: ='1.DATA KIA'!C55 -> 0 | D56: =F21 -> 0 | E56: ='1.DATA KIA'!F55 -> 0 | F56: =D56+E56 -> 0 | G56: =F56/C56*100 -> #DIV/0! | H56: =J21 -> 0 | I56: ='1.DATA KIA'!AB55+'1.DATA KIA'!AE55 -> 0 | J56: =H56+I56 -> 0 | K56: =J56/C56*100 -> #DIV/0!
A57: 14 | B57: =PETUNJUK!B22 -> 0 | C57: ='1.DATA KIA'!C56 -> 0 | D57: =F22 -> 0 | E57: ='1.DATA KIA'!F56 -> 0 | F57: =D57+E57 -> 0 | G57: =F57/C57*100 -> #DIV/0! | H57: =J22 -> 0 | I57: ='1.DATA KIA'!AB56+'1.DATA KIA'!AE56 -> 0 | J57: =H57+I57 -> 0 | K57: =J57/C57*100 -> #DIV/0!
A58: 15 | B58: =PETUNJUK!B23 -> 0 | C58: ='1.DATA KIA'!C57 -> 0 | D58: =F23 -> 0 | E58: ='1.DATA KIA'!F57 -> 0 | F58: =D58+E58 -> 0 | G58: =F58/C58*100 -> #DIV/0! | H58: =J23 -> 0 | I58: ='1.DATA KIA'!AB57+'1.DATA KIA'!AE57 -> 0 | J58: =H58+I58 -> 0 | K58: =J58/C58*100 -> #DIV/0! | AQ58: 11 | AR58: 16
A59: 16 | B59: =PETUNJUK!B24 -> 0 | C59: ='1.DATA KIA'!C58 -> 0 | D59: =F24 -> 0 | E59: ='1.DATA KIA'!F58 -> 0 | F59: =D59+E59 -> 0 | G59: =F59/C59*100 -> #DIV/0! | H59: =J24 -> 0 | I59: ='1.DATA KIA'!AB58+'1.DATA KIA'!AE58 -> 0 | J59: =H59+I59 -> 0 | K59: =J59/C59*100 -> #DIV/0! | AS59: 6 | AT59: 0
A60: 17 | B60: =PETUNJUK!B25 -> 0 | C60: ='1.DATA KIA'!C59 -> 0 | D60: =F25 -> 0 | E60: ='1.DATA KIA'!F59 -> 0 | F60: =D60+E60 -> 0 | G60: =F60/C60*100 -> #DIV/0! | H60: =J25 -> 0 | I60: ='1.DATA KIA'!AB59+'1.DATA KIA'!AE59 -> 0 | J60: =H60+I60 -> 0 | K60: =J60/C60*100 -> #DIV/0!
A61: 18 | B61: =PETUNJUK!B26 -> 0 | C61: ='1.DATA KIA'!C60 -> 0 | D61: =F26 -> 0 | E61: ='1.DATA KIA'!F60 -> 0 | F61: =D61+E61 -> 0 | G61: =F61/C61*100 -> #DIV/0! | H61: =J26 -> 0 | I61: ='1.DATA KIA'!AB60+'1.DATA KIA'!AE60 -> 0 | J61: =H61+I61 -> 0 | K61: =J61/C61*100 -> #DIV/0!
A62: 19 | B62: =PETUNJUK!B27 -> 0 | C62: ='1.DATA KIA'!C61 -> 0 | D62: =F27 -> 0 | E62: ='1.DATA KIA'!F61 -> 0 | F62: =D62+E62 -> 0 | G62: =F62/C62*100 -> #DIV/0! | H62: =J27 -> 0 | I62: ='1.DATA KIA'!AB61+'1.DATA KIA'!AE61 -> 0 | J62: =H62+I62 -> 0 | K62: =J62/C62*100 -> #DIV/0!
A63: 20 | B63: =PETUNJUK!B28 -> 0 | C63: ='1.DATA KIA'!C62 -> 0 | D63: =F28 -> 0 | E63: ='1.DATA KIA'!F62 -> 0 | F63: =D63+E63 -> 0 | G63: =F63/C63*100 -> #DIV/0! | H63: =J28 -> 0 | I63: ='1.DATA KIA'!AB62+'1.DATA KIA'!AE62 -> 0 | J63: =H63+I63 -> 0 | K63: =J63/C63*100 -> #DIV/0!
A64: 21 | B64: =PETUNJUK!B29 -> 0 | C64: ='1.DATA KIA'!C63 -> 0 | D64: =F29 -> 0 | E64: ='1.DATA KIA'!F63 -> 0 | F64: =D64+E64 -> 0 | G64: =F64/C64*100 -> #DIV/0! | H64: =J29 -> 0 | I64: ='1.DATA KIA'!AB63+'1.DATA KIA'!AE63 -> 0 | J64: =H64+I64 -> 0 | K64: =J64/C64*100 -> #DIV/0!
A65: 22 | B65: =PETUNJUK!B30 -> 0 | C65: ='1.DATA KIA'!C64 -> 0 | D65: =F30 -> 0 | E65: ='1.DATA KIA'!F64 -> 0 | F65: =D65+E65 -> 0 | G65: =F65/C65*100 -> #DIV/0! | H65: =J30 -> 0 | I65: ='1.DATA KIA'!AB64+'1.DATA KIA'!AE64 -> 0 | J65: =H65+I65 -> 0 | K65: =J65/C65*100 -> #DIV/0!
A66: JUMLAH | C66: =SUM(C44:C65) -> 1067 | D66: =SUM(D44:D65) -> 101 | E66: =SUM(E44:E65) -> 85 | F66: =SUM(F44:F65) -> 186 | G66: =F66/C66*100 -> 17.432052 | H66: =SUM(H44:H65) -> 90 | I66: =SUM(I44:I65) -> 68 | J66: =SUM(J44:J65) -> 158 | K66: =J66/C66*100 -> 14.807873 | L66: =SUM(L44:L65) -> 68 | M66: =SUM(M44:M65) -> 0 | N66: =SUM(N44:N65) -> 68 | O66: =SUM(O44:O65) -> 0 | P66: =SUM(P44:P65) -> 37 | Q66: =SUM(Q44:Q65) -> 0 | R66: =SUM(R44:R65) -> 31 | S66: =SUM(S44:S65) -> 6 | ... X66: =SUM(X44:X65) -> 0 | Z66: =SUM(Z44:Z65) -> 46 | AA66: =SUM(AA44:AA65) -> 0 | AB66: =SUM(AB44:AB65) -> 22 | AC66: =SUM(AC44:AC65) -> 68 | AD66: =SUM(AD44:AD65) -> 0 | AE66: =SUM(AE44:AE65) -> 68 | AF66: =SUM(AF44:AF65) -> 0 | AG66: =SUM(AG44:AG65) -> 0 | ... AP66: =SUM(AP44:AP65) -> 0
C71: LAPORAN HASIL PELAKSANAAN P4K
C72: PUSKESMAS : | E72: =PETUNJUK!C5 -> PECANGAAN | V72: Lamp. 1 | AO72: Lamp. 2
C73: BULAN : | E73: ='1.DATA KIA'!C72 -> MARET
A75: NO | B75: DESA | C75: SASARAN BUMIL | D75: BUMIL TERPASANG STIKER | H75: BUMIL TERPASANG STIKER BERSALIN | L75: HASIL AKHIR AMANAT PERSALINAN | Z75: HASIL AKHIR PELAYANAN AMANAT PERSALINAN
D76: Bln Lalu | E76: Bln ini | F76: ABS | G76: % | H76: Bln Lalu | I76: Bln ini | J76: ABS | K76: % | L76: FREK ANC | N76: PAHAM TANDA BAHAYA KEHAMILAN DAN PERSALINAN | P76: PENOLONG PERSALINAN | S76: TEMPAT BERSALIN | Z76: PENDAMPINGAN PERSALINAN | AC76: KESIAPAN TRANSPORTASI | AE76: DONOR DARAH | AG76: KB YANG DIGUNAKAN | AM76: KEADAAN
L77: > 4 KL | M77: < 4 KL | N77: TAHU | O77: TIDAK | P77: BIDAN | Q77: DUKUN | R77: DOKTER | S77: PUSK | T77: PKD | U77: RS | V77: RB | W77: RUMAH | Z77: KELUARGA | AA77: DUKUN | AB77: BIDAN | AC77: KLG | AD77: DESA | AE77: KLG | AF77: DESA | AG77: BLM | AH77: KOND | AI77: SUNT | AJ77: PIL | AK77: IMPL | AL77: LAIN2 | AM77: IBU | AO77: BAYI
W78: BIDAN | X78: SENDIRI | AM78: HIDUP | AN78: MATI | AO78: HIDUP | AP78: MATI
A79: 1 | B79: =PETUNJUK!B9 -> Pecangaan Kulon | C79: ='1.DATA KIA'!C77 -> 101.2 | D79: =F44 -> 15 | E79: ='1.DATA KIA'!F77 -> 7 | F79: =D79+E79 -> 22 | G79: =F79/C79*100 -> 21.73913 | H79: =J44 -> 17 | I79: ='1.DATA KIA'!AB77+'1.DATA KIA'!AE77 -> 6 | J79: =H79+I79 -> 23 | K79: =J79/C79*100 -> 22.727273 | L79: =I79 -> 6 | N79: =I79 -> 6 | P79: 5 | R79: =I79-P79 -> 1 | S79: 0 | U79: 1 | W79: =I79-(S79+T79+U79+V79) -> 5 | Z79: =S79+T79+W79+X79 -> 5 | AB79: =I79-Z79 -> 1 | AC79: =I79 -> 6 | AE79: =I79 -> 6 | AG79: =I79-(AH79+AI79+AJ79+AK79+AL79) -> 0 | AI79: 3 | AL79: 3 | AM79: =I79 -> 6 | AO79: =I79 -> 6
A80: 2 | B80: =PETUNJUK!B10 -> Rengging | C80: ='1.DATA KIA'!C78 -> 111.1 | D80: =F45 -> 29 | E80: ='1.DATA KIA'!F78 -> 6 | F80: =D80+E80 -> 35 | G80: =F80/C80*100 -> 31.50315 | H80: =J45 -> 18 | I80: ='1.DATA KIA'!AB78+'1.DATA KIA'!AE78 -> 7 | J80: =H80+I80 -> 25 | K80: =J80/C80*100 -> 22.50225 | L80: =I80 -> 7 | N80: =I80 -> 7 | P80: 2 | R80: =I80-P80 -> 5 | S80: 1 | U80: 5 | W80: =I80-(S80+T80+U80+V80) -> 1 | Z80: =S80+T80+W80+X80 -> 2 | AB80: =I80-Z80 -> 5 | AC80: =I80 -> 7 | AE80: =I80 -> 7 | AG80: =I80-(AH80+AI80+AJ80+AK80+AL80) -> 0 | AI80: 7 | AM80: =I80 -> 7 | AO80: 8
A81: 3 | B81: =PETUNJUK!B11 -> Troso | C81: ='1.DATA KIA'!C79 -> 205.7 | D81: =F46 -> 35 | E81: ='1.DATA KIA'!F79 -> 17 | F81: =D81+E81 -> 52 | G81: =F81/C81*100 -> 25.279533 | H81: =J46 -> 34 | I81: ='1.DATA KIA'!AB79+'1.DATA KIA'!AE79 -> 12 | J81: =H81+I81 -> 46 | K81: =J81/C81*100 -> 22.362664 | L81: =I81 -> 12 | N81: =I81 -> 12 | P81: 8 | R81: =I81-P81 -> 4 | S81: 1 | U81: 6 | W81: =I81-(S81+T81+U81+V81) -> 5 | Z81: =S81+T81+W81+X81 -> 6 | AB81: =I81-Z81 -> 6 | AC81: =I81 -> 12 | AE81: =I81 -> 12 | AG81: =I81-(AH81+AI81+AJ81+AK81+AL81) -> 0 | AI81: 10 | AL81: 2 | AM81: =I81 -> 12 | AO81: =I81 -> 12
A82: 4 | B82: =PETUNJUK!B12 -> Ngeling | C82: ='1.DATA KIA'!C80 -> 95.7 | D82: =F47 -> 11 | E82: ='1.DATA KIA'!F80 -> 10 | F82: =D82+E82 -> 21 | G82: =F82/C82*100 -> 21.943574 | H82: =J47 -> 16 | I82: ='1.DATA KIA'!AB80+'1.DATA KIA'!AE80 -> 1 | J82: =H82+I82 -> 17 | K82: =J82/C82*100 -> 17.763845 | L82: =I82 -> 1 | N82: =I82 -> 1 | P82: 1 | R82: =I82-P82 -> 0 | S82: 1 | U82: 0 | W82: =I82-(S82+T82+U82+V82) -> 0 | Z82: =S82+T82+W82+X82 -> 1 | AB82: =I82-Z82 -> 0 | AC82: =I82 -> 1 | AE82: =I82 -> 1 | AG82: =I82-(AH82+AI82+AJ82+AK82+AL82) -> 0 | AI82: 1 | AM82: =I82 -> 1 | AO82: =I82 -> 1
A83: 5 | B83: =PETUNJUK!B13 -> Lebuawu | C83: ='1.DATA KIA'!C81 -> 85.8 | D83: =F48 -> 20 | E83: ='1.DATA KIA'!F81 -> 5 | F83: =D83+E83 -> 25 | G83: =F83/C83*100 -> 29.137529 | H83: =J48 -> 11 | I83: ='1.DATA KIA'!AB81+'1.DATA KIA'!AE81 -> 4 | J83: =H83+I83 -> 15 | K83: =J83/C83*100 -> 17.482517 | L83: =I83 -> 4 | N83: =I83 -> 4 | P83: 4 | R83: =I83-P83 -> 0 | S83: 3 | U83: 1 | W83: =I83-(S83+T83+U83+V83) -> 0 | Z83: =S83+T83+W83+X83 -> 3 | AB83: =I83-Z83 -> 1 | AC83: =I83 -> 4 | AE83: =I83 -> 4 | AG83: =I83-(AH83+AI83+AJ83+AK83+AL83) -> 0 | AI83: 4 | AM83: =I83 -> 4 | AO83: =I83 -> 4
A84: 6 | B84: =PETUNJUK!B14 -> Pulodarat | C84: ='1.DATA KIA'!C82 -> 82.5 | D84: =F49 -> 9 | E84: ='1.DATA KIA'!F82 -> 5 | F84: =D84+E84 -> 14 | G84: =F84/C84*100 -> 16.969697 | H84: =J49 -> 11 | I84: ='1.DATA KIA'!AB82+'1.DATA KIA'!AE82 -> 2 | J84: =H84+I84 -> 13 | K84: =J84/C84*100 -> 15.757576 | L84: =I84 -> 2 | N84: =I84 -> 2 | P84: 1 | R84: =I84-P84 -> 1 | S84: 1 | U84: 1 | W84: =I84-(S84+T84+U84+V84) -> 0 | Z84: =S84+T84+W84+X84 -> 1 | AB84: =I84-Z84 -> 1 | AC84: =I84 -> 2 | AE84: =I84 -> 2 | AG84: =I84-(AH84+AI84+AJ84+AK84+AL84) -> 0 | AI84: 2 | AM84: =I84 -> 2 | AO84: =I84 -> 2
A85: 7 | B85: =PETUNJUK!B15 -> Karangrandu | C85: ='1.DATA KIA'!C83 -> 93.5 | D85: =F50 -> 15 | E85: ='1.DATA KIA'!F83 -> 7 | F85: =D85+E85 -> 22 | G85: =F85/C85*100 -> 23.529412 | H85: =J50 -> 10 | I85: ='1.DATA KIA'!AB83+'1.DATA KIA'!AE83 -> 9 | J85: =H85+I85 -> 19 | K85: =J85/C85*100 -> 20.320856 | L85: =I85 -> 9 | N85: =I85 -> 9 | P85: 8 | R85: =I85-P85 -> 1 | S85: 1 | U85: 2 | W85: =I85-(S85+T85+U85+V85) -> 6 | Z85: =S85+T85+W85+X85 -> 7 | AB85: =I85-Z85 -> 2 | AC85: =I85 -> 9 | AE85: =I85 -> 9 | AG85: =I85-(AH85+AI85+AJ85+AK85+AL85) -> 0 | AI85: 9 | AM85: =I85 -> 9 | AO85: =I85 -> 9
A86: 8 | B86: =PETUNJUK!B16 -> Kaliombo | C86: ='1.DATA KIA'!C84 -> 46.2 | D86: =F51 -> 6 | E86: ='1.DATA KIA'!F84 -> 2 | F86: =D86+E86 -> 8 | G86: =F86/C86*100 -> 17.316017 | H86: =J51 -> 6 | I86: ='1.DATA KIA'!AB84+'1.DATA KIA'!AE84 -> 2 | J86: =H86+I86 -> 8 | K86: =J86/C86*100 -> 17.316017 | L86: =I86 -> 2 | N86: =I86 -> 2 | P86: 1 | R86: =I86-P86 -> 1 | S86: 0 | U86: 1 | W86: =I86-(S86+T86+U86+V86) -> 1 | Z86: =S86+T86+W86+X86 -> 1 | AB86: =I86-Z86 -> 1 | AC86: =I86 -> 2 | AE86: =I86 -> 2 | AG86: =I86-(AH86+AI86+AJ86+AK86+AL86) -> 0 | AI86: 1 | AK86: 1 | AM86: =I86 -> 2 | AO86: =I86 -> 2
A87: 9 | B87: =PETUNJUK!B17 -> Gemulung | C87: ='1.DATA KIA'!C85 -> 53.9 | D87: =F52 -> 9 | E87: ='1.DATA KIA'!F85 -> 5 | F87: =D87+E87 -> 14 | G87: =F87/C87*100 -> 25.974026 | H87: =J52 -> 8 | I87: ='1.DATA KIA'!AB85+'1.DATA KIA'!AE85 -> 8 | J87: =H87+I87 -> 16 | K87: =J87/C87*100 -> 29.684601 | L87: =I87 -> 8 | N87: =I87 -> 8 | P87: 2 | R87: =I87-P87 -> 6 | S87: 0 | U87: 5 | W87: =I87-(S87+T87+U87+V87) -> 3 | Z87: =S87+T87+W87+X87 -> 3 | AB87: =I87-Z87 -> 5 | AC87: =I87 -> 8 | AE87: =I87 -> 8 | AG87: =I87-(AH87+AI87+AJ87+AK87+AL87) -> 0 | AI87: 6 | AK87: 2 | AM87: =I87 -> 8 | AO87: =I87 -> 8
A88: 10 | B88: =PETUNJUK!B18 -> Pecangaan Wetan | C88: ='1.DATA KIA'!C86 -> 50.6 | D88: =F53 -> 10 | E88: ='1.DATA KIA'!F86 -> 2 | F88: =D88+E88 -> 12 | G88: =F88/C88*100 -> 23.715415 | H88: =J53 -> 10 | I88: ='1.DATA KIA'!AB86+'1.DATA KIA'!AE86 -> 1 | J88: =H88+I88 -> 11 | K88: =J88/C88*100 -> 21.73913 | L88: =I88 -> 1 | N88: =I88 -> 1 | P88: 0 | R88: =I88-P88 -> 1 | S88: 0 | U88: 1 | W88: =I88-(S88+T88+U88+V88) -> 0 | Z88: =S88+T88+W88+X88 -> 0 | AB88: =I88-Z88 -> 1 | AC88: =I88 -> 1 | AE88: =I88 -> 1 | AG88: =I88-(AH88+AI88+AJ88+AK88+AL88) -> 0 | AI88: 0 | AL88: 1 | AM88: =I88 -> 1 | AO88: =I88 -> 1
A89: 11 | B89: =PETUNJUK!B19 -> Krasak | C89: ='1.DATA KIA'!C87 -> 117.7 | D89: =F54 -> 25 | E89: ='1.DATA KIA'!F87 -> 9 | F89: =D89+E89 -> 34 | G89: =F89/C89*100 -> 28.887001 | H89: =J54 -> 14 | I89: ='1.DATA KIA'!AB87+'1.DATA KIA'!AE87 -> 6 | J89: =H89+I89 -> 20 | K89: =J89/C89*100 -> 16.992353 | L89: =I89 -> 6 | N89: =I89 -> 6 | P89: 5 | R89: =I89-P89 -> 1 | S89: 0 | U89: 3 | W89: =I89-(S89+T89+U89+V89) -> 3 | Z89: =S89+T89+W89+X89 -> 3 | AB89: =I89-Z89 -> 3 | AC89: =I89 -> 6 | AE89: =I89 -> 6 | AG89: =I89-(AH89+AI89+AJ89+AK89+AL89) -> 0 | AI89: 6 | AM89: =I89 -> 6 | AO89: =I89 -> 6
A90: 12 | B90: =PETUNJUK!B20 -> Gerdu | C90: ='1.DATA KIA'!C88 -> 23.1 | D90: =F55 -> 2 | E90: ='1.DATA KIA'!F88 -> 3 | F90: =D90+E90 -> 5 | G90: =F90/C90*100 -> 21.645022 | H90: =J55 -> 3 | I90: ='1.DATA KIA'!AB88+'1.DATA KIA'!AE88 -> 0 | J90: =H90+I90 -> 3 | K90: =J90/C90*100 -> 12.987013 | L90: =I90 -> 0 | N90: =I90 -> 0 | P90: 0 | R90: =I90-P90 -> 0 | S90: 0 | U90: 0 | W90: =I90-(S90+T90+U90+V90) -> 0 | Z90: =S90+T90+W90+X90 -> 0 | AB90: =I90-Z90 -> 0 | AC90: =I90 -> 0 | AE90: =I90 -> 0 | AG90: =I90-(AH90+AI90+AJ90+AK90+AL90) -> 0 | AI90: 0 | AM90: =I90 -> 0 | AO90: =I90 -> 0
A91: 13 | B91: =PETUNJUK!B21 -> 0 | C91: ='1.DATA KIA'!C89 -> 0 | D91: =F56 -> 0 | E91: ='1.DATA KIA'!F89 -> 0 | F91: =D91+E91 -> 0 | G91: =F91/C91*100 -> #DIV/0! | H91: =J56 -> 0 | I91: ='1.DATA KIA'!AB89+'1.DATA KIA'!AE89 -> 0 | J91: =H91+I91 -> 0 | K91: =J91/C91*100 -> #DIV/0!
A92: 14 | B92: =PETUNJUK!B22 -> 0 | C92: ='1.DATA KIA'!C90 -> 0 | D92: =F57 -> 0 | E92: ='1.DATA KIA'!F90 -> 0 | F92: =D92+E92 -> 0 | G92: =F92/C92*100 -> #DIV/0! | H92: =J57 -> 0 | I92: ='1.DATA KIA'!AB90+'1.DATA KIA'!AE90 -> 0 | J92: =H92+I92 -> 0 | K92: =J92/C92*100 -> #DIV/0!
A93: 15 | B93: =PETUNJUK!B23 -> 0 | C93: ='1.DATA KIA'!C91 -> 0 | D93: =F58 -> 0 | E93: ='1.DATA KIA'!F91 -> 0 | F93: =D93+E93 -> 0 | G93: =F93/C93*100 -> #DIV/0! | H93: =J58 -> 0 | I93: ='1.DATA KIA'!AB91+'1.DATA KIA'!AE91 -> 0 | J93: =H93+I93 -> 0 | K93: =J93/C93*100 -> #DIV/0!
A94: 16 | B94: =PETUNJUK!B24 -> 0 | C94: ='1.DATA KIA'!C92 -> 0 | D94: =F59 -> 0 | E94: ='1.DATA KIA'!F92 -> 0 | F94: =D94+E94 -> 0 | G94: =F94/C94*100 -> #DIV/0! | H94: =J59 -> 0 | I94: ='1.DATA KIA'!AB92+'1.DATA KIA'!AE92 -> 0 | J94: =H94+I94 -> 0 | K94: =J94/C94*100 -> #DIV/0!
A95: 17 | B95: =PETUNJUK!B25 -> 0 | C95: ='1.DATA KIA'!C93 -> 0 | D95: =F60 -> 0 | E95: ='1.DATA KIA'!F93 -> 0 | F95: =D95+E95 -> 0 | G95: =F95/C95*100 -> #DIV/0! | H95: =J60 -> 0 | I95: ='1.DATA KIA'!AB93+'1.DATA KIA'!AE93 -> 0 | J95: =H95+I95 -> 0 | K95: =J95/C95*100 -> #DIV/0!
A96: 18 | B96: =PETUNJUK!B26 -> 0 | C96: ='1.DATA KIA'!C94 -> 0 | D96: =F61 -> 0 | E96: ='1.DATA KIA'!F94 -> 0 | F96: =D96+E96 -> 0 | G96: =F96/C96*100 -> #DIV/0! | H96: =J61 -> 0 | I96: ='1.DATA KIA'!AB94+'1.DATA KIA'!AE94 -> 0 | J96: =H96+I96 -> 0 | K96: =J96/C96*100 -> #DIV/0!
A97: 19 | B97: =PETUNJUK!B27 -> 0 | C97: ='1.DATA KIA'!C95 -> 0 | D97: =F62 -> 0 | E97: ='1.DATA KIA'!F95 -> 0 | F97: =D97+E97 -> 0 | G97: =F97/C97*100 -> #DIV/0! | H97: =J62 -> 0 | I97: ='1.DATA KIA'!AB95+'1.DATA KIA'!AE95 -> 0 | J97: =H97+I97 -> 0 | K97: =J97/C97*100 -> #DIV/0!
A98: 20 | B98: =PETUNJUK!B28 -> 0 | C98: ='1.DATA KIA'!C96 -> 0 | D98: =F63 -> 0 | E98: ='1.DATA KIA'!F96 -> 0 | F98: =D98+E98 -> 0 | G98: =F98/C98*100 -> #DIV/0! | H98: =J63 -> 0 | I98: ='1.DATA KIA'!AB96+'1.DATA KIA'!AE96 -> 0 | J98: =H98+I98 -> 0 | K98: =J98/C98*100 -> #DIV/0!
A99: 21 | B99: =PETUNJUK!B29 -> 0 | C99: ='1.DATA KIA'!C97 -> 0 | D99: =F64 -> 0 | E99: ='1.DATA KIA'!F97 -> 0 | F99: =D99+E99 -> 0 | G99: =F99/C99*100 -> #DIV/0! | H99: =J64 -> 0 | I99: ='1.DATA KIA'!AB97+'1.DATA KIA'!AE97 -> 0 | J99: =H99+I99 -> 0 | K99: =J99/C99*100 -> #DIV/0!
A100: 22 | B100: =PETUNJUK!B30 -> 0 | C100: ='1.DATA KIA'!C98 -> 0 | D100: =F65 -> 0 | E100: ='1.DATA KIA'!F98 -> 0 | F100: =D100+E100 -> 0 | G100: =F100/C100*100 -> #DIV/0! | H100: =J65 -> 0 | I100: ='1.DATA KIA'!AB98+'1.DATA KIA'!AE98 -> 0 | J100: =H100+I100 -> 0 | K100: =J100/C100*100 -> #DIV/0!
A101: JUMLAH | C101: =SUM(C79:C100) -> 1067 | D101: =SUM(D79:D100) -> 186 | E101: =SUM(E79:E100) -> 78 | F101: =SUM(F79:F100) -> 264 | G101: =F101/C101*100 -> 24.742268 | H101: =SUM(H79:H100) -> 158 | I101: =SUM(I79:I100) -> 58 | J101: =SUM(J79:J100) -> 216 | K101: =J101/C101*100 -> 20.243674 | L101: =SUM(L79:L100) -> 58 | M101: =SUM(M79:M100) -> 0 | N101: =SUM(N79:N100) -> 58 | O101: =SUM(O79:O100) -> 0 | P101: =SUM(P79:P100) -> 37 | Q101: =SUM(Q79:Q100) -> 0 | R101: =SUM(R79:R100) -> 21 | S101: =SUM(S79:S100) -> 8 | ... X101: =SUM(X79:X100) -> 0 | Z101: =SUM(Z79:Z100) -> 32 | AA101: =SUM(AA79:AA100) -> 0 | AB101: =SUM(AB79:AB100) -> 26 | AC101: =SUM(AC79:AC100) -> 58 | AD101: =SUM(AD79:AD100) -> 0 | AE101: =SUM(AE79:AE100) -> 58 | AF101: =SUM(AF79:AF100) -> 0 | AG101: =SUM(AG79:AG100) -> 0 | ... AP101: =SUM(AP79:AP100) -> 0
C106: LAPORAN HASIL PELAKSANAAN P4K
C107: PUSKESMAS : | E107: =PETUNJUK!C5 -> PECANGAAN | V107: Lamp. 1 | AO107: Lamp. 2
C108: BULAN : | E108: ='1.DATA KIA'!C106 -> APRIL
A110: NO | B110: DESA | C110: SASARAN BUMIL | D110: BUMIL TERPASANG STIKER | H110: BUMIL TERPASANG STIKER BERSALIN | L110: HASIL AKHIR AMANAT PERSALINAN | Z110: HASIL AKHIR PELAYANAN AMANAT PERSALINAN
D111: Bln Lalu | E111: Bln ini | F111: ABS | G111: % | H111: Bln Lalu | I111: Bln ini | J111: ABS | K111: % | L111: FREK ANC | N111: PAHAM TANDA BAHAYA KEHAMILAN DAN PERSALINAN | P111: PENOLONG PERSALINAN | S111: TEMPAT BERSALIN | Z111: PENDAMPINGAN PERSALINAN | AC111: KESIAPAN TRANSPORTASI | AE111: DONOR DARAH | AG111: KB YANG DIGUNAKAN | AM111: KEADAAN
L112: > 4 KL | M112: < 4 KL | N112: TAHU | O112: TIDAK | P112: BIDAN | Q112: DUKUN | R112: DOKTER | S112: PUSK | T112: PKD | U112: RS | V112: RB | W112: RUMAH | Z112: KELUARGA | AA112: DUKUN | AB112: BIDAN | AC112: KLG | AD112: DESA | AE112: KLG | AF112: DESA | AG112: BLM | AH112: KOND | AI112: SUNT | AJ112: PIL | AK112: IMPL | AL112: LAIN2 | AM112: IBU | AO112: BAYI
W113: BIDAN | X113: SENDIRI | AM113: HIDUP | AN113: MATI | AO113: HIDUP | AP113: MATI
A114: 1 | B114: =PETUNJUK!B9 -> Pecangaan Kulon | C114: ='1.DATA KIA'!C111 -> 101.2 | D114: =F79 -> 22 | E114: ='1.DATA KIA'!F111 -> 8 | F114: =D114+E114 -> 30 | G114: =F114/C114*100 -> 29.644269 | H114: =J79 -> 23 | I114: ='1.DATA KIA'!AB111+'1.DATA KIA'!AE111 -> 6 | J114: =H114+I114 -> 29 | K114: =J114/C114*100 -> 28.656126 | L114: =I114 -> 6 | N114: =I114 -> 6 | P114: 1 | R114: =I114-P114 -> 5 | S114: 0 | U114: 5 | W114: =I114-(S114+T114+U114+V114) -> 1 | Z114: =S114+T114+W114+X114 -> 1 | AB114: =I114-Z114 -> 5 | AC114: =I114 -> 6 | AE114: =I114 -> 6 | AG114: =I114-(AH114+AI114+AJ114+AK114+AL114) -> 0 | AI114: 1 | AL114: 5 | AM114: =I114 -> 6 | AO114: =I114 -> 6
A115: 2 | B115: =PETUNJUK!B10 -> Rengging | C115: ='1.DATA KIA'!C112 -> 111.1 | D115: =F80 -> 35 | E115: ='1.DATA KIA'!F112 -> 19 | F115: =D115+E115 -> 54 | G115: =F115/C115*100 -> 48.60486 | H115: =J80 -> 25 | I115: ='1.DATA KIA'!AB112+'1.DATA KIA'!AE112 -> 9 | J115: =H115+I115 -> 34 | K115: =J115/C115*100 -> 30.60306 | L115: =I115 -> 9 | N115: =I115 -> 9 | P115: 7 | R115: =I115-P115 -> 2 | S115: 3 | U115: 5 | W115: =I115-(S115+T115+U115+V115) -> 1 | Z115: =S115+T115+W115+X115 -> 4 | AB115: =I115-Z115 -> 5 | AC115: =I115 -> 9 | AE115: =I115 -> 9 | AG115: =I115-(AH115+AI115+AJ115+AK115+AL115) -> 0 | AI115: 9 | AM115: =I115 -> 9 | AO115: =I115 -> 9
A116: 3 | B116: =PETUNJUK!B11 -> Troso | C116: ='1.DATA KIA'!C113 -> 205.7 | D116: =F81 -> 52 | E116: ='1.DATA KIA'!F113 -> 26 | F116: =D116+E116 -> 78 | G116: =F116/C116*100 -> 37.9193 | H116: =J81 -> 46 | I116: ='1.DATA KIA'!AB113+'1.DATA KIA'!AE113 -> 14 | J116: =H116+I116 -> 60 | K116: =J116/C116*100 -> 29.168692 | L116: =I116 -> 14 | N116: =I116 -> 14 | P116: 8 | R116: =I116-P116 -> 6 | S116: 4 | U116: 9 | W116: =I116-(S116+T116+U116+V116) -> 1 | Z116: =S116+T116+W116+X116 -> 5 | AB116: =I116-Z116 -> 9 | AC116: =I116 -> 14 | AE116: =I116 -> 14 | AG116: =I116-(AH116+AI116+AJ116+AK116+AL116) -> 0 | AI116: 11 | AL116: 3 | AM116: =I116 -> 14 | AO116: =I116 -> 14
...

Sheet 7.Mati Gol Umur
A1: LAPORAN KEMATIAN MENURUT GOLONGAN UMUR
A3: PUSKESMAS | C3: =PETUNJUK!C5 -> PECANGAAN
A4: BULAN | C4: JANUARI
A6: NO | B6: DESA | C6: IUFD | E6: LAHIR MATI | G6: 0 - 7 HR | I6: > 7 HR-1 BL | K6: > 1 BL - 1 TH | M6: 1TH - 5 TH | O6: 5 TH - 15 TH | Q6: > 15 TH | S6: KET
C7: L | D7: P | E7: L | F7: P | G7: L | H7: P | I7: L | J7: P | K7: L | L7: P | M7: L | N7: P | O7: L | P7: P | Q7: L | R7: P
A8: 1 | B8: =PETUNJUK!B9 -> Pecangaan Kulon | Q8: 1 | R8: 1
A9: 2 | B9: =PETUNJUK!B10 -> Rengging | Q9: 6 | R9: 1
A10: 3 | B10: =PETUNJUK!B11 -> Troso | O10: 1 | Q10: 3 | R10: 2
A11: 4 | B11: =PETUNJUK!B12 -> Ngeling | Q11: 2 | R11: 3
A12: 5 | B12: =PETUNJUK!B13 -> Lebuawu | Q12: 3 | R12: 4
A13: 6 | B13: =PETUNJUK!B14 -> Pulodarat | Q13: 0 | R13: 1
A14: 7 | B14: =PETUNJUK!B15 -> Karangrandu | Q14: 2 | R14: 2
A15: 8 | B15: =PETUNJUK!B16 -> Kaliombo | Q15: 2 | R15: 0
A16: 9 | B16: =PETUNJUK!B17 -> Gemulung | Q16: 1 | R16: 0
A17: 10 | B17: =PETUNJUK!B18 -> Pecangaan Wetan | O17: 1 | Q17: 2 | R17: 1
A18: 11 | B18: =PETUNJUK!B19 -> Krasak | Q18: 2 | R18: 2
A19: 12 | B19: =PETUNJUK!B20 -> Gerdu | Q19: 0 | R19: 1
A20: 13 | B20: =PETUNJUK!B21 -> 0
A21: 14 | B21: =PETUNJUK!B22 -> 0
A22: 15 | B22: =PETUNJUK!B23 -> 0
A23: 16 | B23: =PETUNJUK!B24 -> 0
A24: 17 | B24: =PETUNJUK!B25 -> 0
A25: 18 | B25: =PETUNJUK!B26 -> 0
A26: 19 | B26: =PETUNJUK!B27 -> 0
A27: 20 | B27: =PETUNJUK!B28 -> 0
A28: 21 | B28: =PETUNJUK!B29 -> 0
A29: 22 | B29: =PETUNJUK!B30 -> 0
A30: JUMLAH | C30: =SUM(C8:C29) -> 0 | D30: =SUM(D8:D29) -> 0 | E30: =SUM(E8:E29) -> 0 | F30: =SUM(F8:F29) -> 0 | G30: =SUM(G8:G29) -> 0 | H30: =SUM(H8:H29) -> 0 | I30: =SUM(I8:I29) -> 0 | J30: =SUM(J8:J29) -> 0 | ... R30: =SUM(R8:R29) -> 18
A34: LAPORAN KEMATIAN MENURUT GOLONGAN UMUR
A36: PUSKESMAS | C36: =PETUNJUK!C5 -> PECANGAAN
A37: BULAN | C37: PEBRUARI
A39: NO | B39: DESA | C39: IUFD | E39: LAHIR MATI | G39: 0 - 7 HR | I39: > 7 HR-1 BL | K39: > 1 BL - 1 TH | M39: 1TH - 5 TH | O39: 5 TH - 15 TH | Q39: > 15 TH | S39: KET
C40: L | D40: P | E40: L | F40: P | G40: L | H40: P | I40: L | J40: P | K40: L | L40: P | M40: L | N40: P | O40: L | P40: P | Q40: L | R40: P
A41: 1 | B41: =PETUNJUK!B9 -> Pecangaan Kulon | Q41: 0 | R41: 2
A42: 2 | B42: =PETUNJUK!B10 -> Rengging | Q42: 4 | R42: 5
A43: 3 | B43: =PETUNJUK!B11 -> Troso | Q43: 1 | R43: 2
A44: 4 | B44: =PETUNJUK!B12 -> Ngeling | Q44: 4 | R44: 1
A45: 5 | B45: =PETUNJUK!B13 -> Lebuawu | Q45: 2 | R45: 2
A46: 6 | B46: =PETUNJUK!B14 -> Pulodarat | Q46: 0 | R46: 2
A47: 7 | B47: =PETUNJUK!B15 -> Karangrandu | Q47: 3 | R47: 2
A48: 8 | B48: =PETUNJUK!B16 -> Kaliombo | Q48: 2 | R48: 0
A49: 9 | B49: =PETUNJUK!B17 -> Gemulung | Q49: 1 | R49: 1
A50: 10 | B50: =PETUNJUK!B18 -> Pecangaan Wetan | Q50: 1 | R50: 1
A51: 11 | B51: =PETUNJUK!B19 -> Krasak | O51: 1 | Q51: 2 | R51: 2
A52: 12 | B52: =PETUNJUK!B20 -> Gerdu | Q52: 1 | R52: 0
A53: 13 | B53: =PETUNJUK!B21 -> 0
A54: 14 | B54: =PETUNJUK!B22 -> 0
A55: 15 | B55: =PETUNJUK!B23 -> 0
A56: 16 | B56: =PETUNJUK!B24 -> 0
A57: 17 | B57: =PETUNJUK!B25 -> 0
A58: 18 | B58: =PETUNJUK!B26 -> 0
A59: 19 | B59: =PETUNJUK!B27 -> 0
A60: 20 | B60: =PETUNJUK!B28 -> 0
A61: 21 | B61: =PETUNJUK!B29 -> 0
A62: 22 | B62: =PETUNJUK!B30 -> 0
A63: JUMLAH | C63: =SUM(C41:C62) -> 0 | D63: =SUM(D41:D62) -> 0 | E63: =SUM(E41:E62) -> 0 | F63: =SUM(F41:F62) -> 0 | G63: =SUM(G41:G62) -> 0 | H63: =SUM(H41:H62) -> 0 | I63: =SUM(I41:I62) -> 0 | J63: =SUM(J41:J62) -> 0 | ... R63: =SUM(R41:R62) -> 20
A67: LAPORAN KEMATIAN MENURUT GOLONGAN UMUR
A69: PUSKESMAS : | C69: =PETUNJUK!C5 -> PECANGAAN
A70: BULAN | C70: MARET
A72: NO | B72: DESA | C72: IUFD | E72: LAHIR MATI | G72: 0 - 7 HR | I72: > 7 HR-1 BL | K72: > 1 BL - 1 TH | M72: 1TH - 5 TH | O72: 5 TH - 15 TH | Q72: > 15 TH | S72: KET
C73: L | D73: P | E73: L | F73: P | G73: L | H73: P | I73: L | J73: P | K73: L | L73: P | M73: L | N73: P | O73: L | P73: P | Q73: L | R73: P
A74: 1 | B74: =PETUNJUK!B9 -> Pecangaan Kulon | Q74: 2 | R74: 1
A75: 2 | B75: =PETUNJUK!B10 -> Rengging | Q75: 1 | R75: 2
A76: 3 | B76: =PETUNJUK!B11 -> Troso | Q76: 2 | R76: 1
A77: 4 | B77: =PETUNJUK!B12 -> Ngeling | Q77: 2 | R77: 2
A78: 5 | B78: =PETUNJUK!B13 -> Lebuawu | Q78: 1 | R78: 2
A79: 6 | B79: =PETUNJUK!B14 -> Pulodarat | Q79: 1 | R79: 1
A80: 7 | B80: =PETUNJUK!B15 -> Karangrandu | Q80: 1 | R80: 4
A81: 8 | B81: =PETUNJUK!B16 -> Kaliombo | Q81: 3 | R81: 1
A82: 9 | B82: =PETUNJUK!B17 -> Gemulung | Q82: 1 | R82: 1
A83: 10 | B83: =PETUNJUK!B18 -> Pecangaan Wetan | Q83: 2 | R83: 2
A84: 11 | B84: =PETUNJUK!B19 -> Krasak | Q84: 2 | R84: 1
A85: 12 | B85: =PETUNJUK!B20 -> Gerdu | Q85: 1 | R85: 0
A86: 13 | B86: =PETUNJUK!B21 -> 0
A87: 14 | B87: =PETUNJUK!B22 -> 0
A88: 15 | B88: =PETUNJUK!B23 -> 0
A89: 16 | B89: =PETUNJUK!B24 -> 0
A90: 17 | B90: =PETUNJUK!B25 -> 0
A91: 18 | B91: =PETUNJUK!B26 -> 0
A92: 19 | B92: =PETUNJUK!B27 -> 0
A93: 20 | B93: =PETUNJUK!B28 -> 0
A94: 21 | B94: =PETUNJUK!B29 -> 0
A95: 22 | B95: =PETUNJUK!B30 -> 0
A96: JUMLAH | C96: =SUM(C74:C95) -> 0 | D96: =SUM(D74:D95) -> 0 | E96: =SUM(E74:E95) -> 0 | F96: =SUM(F74:F95) -> 0 | G96: =SUM(G74:G95) -> 0 | H96: =SUM(H74:H95) -> 0 | I96: =SUM(I74:I95) -> 0 | J96: =SUM(J74:J95) -> 0 | ... R96: =SUM(R74:R95) -> 18
A100: LAPORAN KEMATIAN MENURUT GOLONGAN UMUR
A102: PUSKESMAS : | C102: =PETUNJUK!C5 -> PECANGAAN
A103: BULAN | C103: APRIL
A105: NO | B105: DESA | C105: IUFD | E105: LAHIR MATI | G105: 0 - 7 HR | I105: > 7 HR-1 BL | K105: > 1 BL - 1 TH | M105: 1TH - 5 TH | O105: 5 TH - 15 TH | Q105: > 15 TH | S105: KET
C106: L | D106: P | E106: L | F106: P | G106: L | H106: P | I106: L | J106: P | K106: L | L106: P | M106: L | N106: P | O106: L | P106: P | Q106: L | R106: P
A107: 1 | B107: =PETUNJUK!B9 -> Pecangaan Kulon | Q107: 2 | R107: 2
A108: 2 | B108: =PETUNJUK!B10 -> Rengging | Q108: 3 | R108: 5
A109: 3 | B109: =PETUNJUK!B11 -> Troso | Q109: 2 | R109: 2
A110: 4 | B110: =PETUNJUK!B12 -> Ngeling | G110: 1 | Q110: 4 | R110: 1
A111: 5 | B111: =PETUNJUK!B13 -> Lebuawu | Q111: 2 | R111: 1
A112: 6 | B112: =PETUNJUK!B14 -> Pulodarat | Q112: 1 | R112: 4
A113: 7 | B113: =PETUNJUK!B15 -> Karangrandu | Q113: 2 | R113: 2
A114: 8 | B114: =PETUNJUK!B16 -> Kaliombo | Q114: 0 | R114: 0
A115: 9 | B115: =PETUNJUK!B17 -> Gemulung | Q115: 1 | R115: 1
A116: 10 | B116: =PETUNJUK!B18 -> Pecangaan Wetan | Q116: 2 | R116: 1
A117: 11 | B117: =PETUNJUK!B19 -> Krasak | Q117: 5 | R117: 1
...

Sheet 8.ANCTEPADU
A2: Puskesmas | C2: : | D2: =PETUNJUK!C5 -> PECANGAAN
A3: Bulan | C3: : | D3: JANUARI
A6: No | B6: Desa | C6: Hb TM 1 | F6: Hb TM 3 | I6: KEK | K6: Protein Urin | M6: Gula Darah (GD) | O6: Integrasi Program | X6: Integrasi Program | AJ6: Pelaksanaan Kelas Ibu Hamil
C7: Diperiksa Hb | D7: Anemia (8-11 mg/dl) | E7: <8 mg | F7: Diperiksa Hb | G7: Anemia (8-11 mg/dl) | H7: <8 mg | I7: Diperiksa LILA | J7: KEK (LILA<23,5 cm) | K7: Di periksa | L7: Positif (+) | M7: Di periksa | N7: GD >140g/dl | O7: Pencegahan Penularan HIV dari Ibu ke Anak (PPIA) | T7: Pencegahan Malaria dalam Kehamilan (PMDK) | X7: TB Dalam Kehamilan | AA7: Kecacingan Dalam Kehamilan | AD7: Pencegahan IMS Dalam kehamilan | AG7: Pencegahan Hepatitis Dalam kehamilan | AJ7: Desa Yang Melaksanakan Kelas Bumil | AK7: Jml Kelas Bumil yang terbentuk | AL7: Jml Bumil yang mengikuti kelas Bumil | AM7: Jml suami/ keluarga yang mengikuti kelas bumil | AN7: Jumlah ibu hamil mengikuti kelas ibu minimal 4 kali
O8: Ibu Hamil datang dgn HIV (+) | P8: Ibu Hamil ditawarkan Tes HIV | Q8: Ibu Hamil Di Tes HIV | R8: Ibu Hamil HIV (+) | T8: Ibu Hamil Mendapatkan kelambu | U8: Ibu Hamil Diperiksa Microskopis/RDT | V8: Ibu Hamil Malaria (+) | W8: Ibu Hamil Mendapatkan Kina/ACT | X8: Ibu Hamil Diperiksa Dahak | Y8: Ibu Hamil Hasil Dahak TB (+) | Z8: Obat** | AA8: Ibu Hamil Diperiksa Ankylostoma | AB8: Ibu Hamil Hasil Tes Ankylostoma (+) | AC8: Ibu Hamil Di Obati | AD8: Ibu Hamil Diperiksa IMS | AE8: Ibu Hamil Hasil Tes IMS (+) | AF8: Ibu Hamil Diobati | AG8: Ibu Hamil Diperiksa Hepatitis B | AH8: Ibu Hamil Hasil Tes Hepatitis B (+) | AI8: Ibu Hamil Di Obati
R9: Persalinan Pervaginam | S9: Persalinan Perabdominam (SC)
A10: 1 | B10: 2 | C10: 3 | D10: 4 | E10: 5 | F10: 6 | G10: 7 | H10: 8 | I10: 9 | J10: 10 | K10: 11 | L10: 12 | M10: 13 | N10: 14 | O10: 15 | P10: 16 | Q10: 17 | R10: 18 | S10: 19 | T10: 20 | U10: 21 | V10: 22 | W10: 23 | X10: 24 | Y10: 25 | Z10: 26 | AA10: 27 | AB10: 28 | AC10: 29 | AD10: 30 | AE10: 31 | AF10: 32 | AG10: 33 | AH10: 34 | AI10: 35 | AJ10: 36 | AK10: 37 | AL10: 38 | AM10: 39 | AN10: 40
A11: 1 | B11: =PETUNJUK!B9 -> Pecangaan Kulon | C11: ='1.DATA KIA'!F9 -> 7 | D11: 2 | F11: ='1.DATA KIA'!J9 -> 6 | G11: 2 | I11: =C11 -> 7 | J11: 0 | K11: =F11 -> 6 | M11: =C11 -> 7 | Q11: =M11 -> 7 | AD11: =Q11 -> 7 | AG11: =AD11 -> 7 | AH11: 1
A12: 2 | B12: =PETUNJUK!B10 -> Rengging | C12: ='1.DATA KIA'!F10 -> 23 | D12: 2 | F12: ='1.DATA KIA'!J10 -> 9 | G12: 5 | I12: =C12 -> 23 | J12: 3 | K12: =F12 -> 9 | M12: =C12 -> 23 | N12: 1 | Q12: =M12 -> 23 | AD12: =Q12 -> 23 | AG12: =AD12 -> 23
A13: 3 | B13: =PETUNJUK!B11 -> Troso | C13: ='1.DATA KIA'!F11 -> 18 | D13: 1 | F13: ='1.DATA KIA'!J11 -> 15 | G13: 4 | I13: =C13 -> 18 | J13: 3 | K13: =F13 -> 15 | L13: 1 | M13: =C13 -> 18 | N13: 2 | Q13: =M13 -> 18 | AD13: =Q13 -> 18 | AG13: =AD13 -> 18
A14: 4 | B14: =PETUNJUK!B12 -> Ngeling | C14: ='1.DATA KIA'!F12 -> 7 | D14: 0 | F14: ='1.DATA KIA'!J12 -> 8 | G14: 0 | I14: =C14 -> 7 | J14: 2 | K14: =F14 -> 8 | M14: =C14 -> 7 | N14: 3 | Q14: =M14 -> 7 | AD14: =Q14 -> 7 | AG14: =AD14 -> 7
A15: 5 | B15: =PETUNJUK!B13 -> Lebuawu | C15: ='1.DATA KIA'!F13 -> 9 | D15: 2 | F15: ='1.DATA KIA'!J13 -> 7 | G15: 0 | I15: =C15 -> 9 | J15: 1 | K15: =F15 -> 7 | M15: =C15 -> 9 | N15: 2 | Q15: =M15 -> 9 | AD15: =Q15 -> 9 | AG15: =AD15 -> 9
A16: 6 | B16: =PETUNJUK!B14 -> Pulodarat | C16: ='1.DATA KIA'!F14 -> 5 | D16: 1 | F16: ='1.DATA KIA'!J14 -> 6 | G16: 1 | I16: =C16 -> 5 | J16: 0 | K16: =F16 -> 6 | M16: =C16 -> 5 | N16: 1 | Q16: =M16 -> 5 | AD16: =Q16 -> 5 | AG16: =AD16 -> 5
A17: 7 | B17: =PETUNJUK!B15 -> Karangrandu | C17: ='1.DATA KIA'!F15 -> 7 | F17: ='1.DATA KIA'!J15 -> 5 | G17: 1 | I17: =C17 -> 7 | J17: 0 | K17: =F17 -> 5 | M17: =C17 -> 7 | N17: 3 | Q17: =M17 -> 7 | AD17: =Q17 -> 7 | AG17: =AD17 -> 7
A18: 8 | B18: =PETUNJUK!B16 -> Kaliombo | C18: ='1.DATA KIA'!F16 -> 1 | F18: ='1.DATA KIA'!J16 -> 1 | G18: 0 | I18: =C18 -> 1 | J18: 0 | K18: =F18 -> 1 | M18: =C18 -> 1 | Q18: =M18 -> 1 | AD18: =Q18 -> 1 | AG18: =AD18 -> 1
A19: 9 | B19: =PETUNJUK!B17 -> Gemulung | C19: ='1.DATA KIA'!F17 -> 4 | D19: 2 | F19: ='1.DATA KIA'!J17 -> 5 | G19: 1 | I19: =C19 -> 4 | J19: 0 | K19: =F19 -> 5 | M19: =C19 -> 4 | N19: 1 | Q19: =M19 -> 4 | AD19: =Q19 -> 4 | AG19: =AD19 -> 4
A20: 10 | B20: =PETUNJUK!B18 -> Pecangaan Wetan | C20: ='1.DATA KIA'!F18 -> 4 | F20: ='1.DATA KIA'!J18 -> 3 | G20: 0 | I20: =C20 -> 4 | J20: 2 | K20: =F20 -> 3 | L20: 3 | M20: =C20 -> 4 | N20: 1 | Q20: =M20 -> 4 | AD20: =Q20 -> 4 | AG20: =AD20 -> 4
A21: 11 | B21: =PETUNJUK!B19 -> Krasak | C21: ='1.DATA KIA'!F19 -> 15 | F21: ='1.DATA KIA'!J19 -> 4 | G21: 1 | I21: =C21 -> 15 | J21: 1 | K21: =F21 -> 4 | L21: 2 | M21: =C21 -> 15 | N21: 1 | Q21: =M21 -> 15 | AD21: =Q21 -> 15 | AG21: =AD21 -> 15 | AH21: 1 | AI21: 1
A22: 12 | B22: =PETUNJUK!B20 -> Gerdu | C22: ='1.DATA KIA'!F20 -> 1 | F22: ='1.DATA KIA'!J20 -> 3 | G22: 0 | I22: =C22 -> 1 | J22: 0 | K22: =F22 -> 3 | M22: =C22 -> 1 | N22: 0 | Q22: =M22 -> 1 | AD22: =Q22 -> 1 | AG22: =AD22 -> 1
A23: 13 | B23: =PETUNJUK!B21 -> 0
A24: 14 | B24: =PETUNJUK!B22 -> 0
A25: 15 | B25: =PETUNJUK!B23 -> 0
A26: 16 | B26: =PETUNJUK!B24 -> 0
A27: 17 | B27: =PETUNJUK!B25 -> 0
A28: 18 | B28: =PETUNJUK!B26 -> 0
A29: 19 | B29: =PETUNJUK!B27 -> 0
A30: 20 | B30: =PETUNJUK!B28 -> 0
A31: 21 | B31: =PETUNJUK!B29 -> 0
A32: 22 | B32: =PETUNJUK!B30 -> 0
B33: TOTAL | C33: =SUM(C11:C32) -> 101 | D33: =SUM(D11:D32) -> 10 | E33: =SUM(E11:E32) -> 0 | F33: =SUM(F11:F32) -> 72 | G33: =SUM(G11:G32) -> 15 | H33: =SUM(H11:H32) -> 0 | I33: =SUM(I11:I32) -> 101 | J33: =SUM(J11:J32) -> 12 | ... AN33: =SUM(AN11:AN32) -> 0
A36: Puskesmas | C36: : | D36: =D2 -> PECANGAAN
A37: Bulan | C37: : | D37: FEBRUARI
A40: No | B40: Desa | C40: Hb TM 1 | F40: Hb TM 3 | I40: KEK | K40: Protein Urin | M40: Gula Darah (GD) | O40: Integrasi Program | X40: Integrasi Program | AJ40: Pelaksanaan Kelas Ibu Hamil
C41: Diperiksa Hb | D41: Anemia (8-11 mg/dl) | E41: <8 mg | F41: Diperiksa Hb | G41: Anemia (8-11 mg/dl) | H41: <8 mg | I41: Diperiksa LILA | J41: KEK (LILA<23,5 cm) | K41: Di periksa | L41: Positif (+) | M41: Di periksa | N41: GD >140g/dl | O41: Pencegahan Penularan HIV dari Ibu ke Anak (PPIA) | T41: Pencegahan Malaria dalam Kehamilan (PMDK) | X41: TB Dalam Kehamilan | AA41: Kecacingan Dalam Kehamilan | AD41: Pencegahan IMS Dalam kehamilan | AG41: Pencegahan Hepatitis Dalam kehamilan | AJ41: Desa Yang Melaksanakan Kelas Bumil | AK41: Jml Kelas Bumil yang terbentuk | AL41: Jml Bumil yang mengikuti kelas Bumil | AM41: Jml suami/ keluarga yang mengikuti kelas bumil | AN41: Jumlah ibu hamil mengikuti kelas ibu minimal 4 kali
O42: Ibu Hamil datang dgn HIV (+) | P42: Ibu Hamil ditawarkan Tes HIV | Q42: Ibu Hamil Di Tes HIV | R42: Ibu Hamil HIV (+) | T42: Ibu Hamil Mendapatkan kelambu | U42: Ibu Hamil Diperiksa Microskopis/RDT | V42: Ibu Hamil Malaria (+) | W42: Ibu Hamil Mendapatkan Kina/ACT | X42: Ibu Hamil Diperiksa Dahak | Y42: Ibu Hamil Hasil Dahak TB (+) | Z42: Obat** | AA42: Ibu Hamil Diperiksa Ankylostoma | AB42: Ibu Hamil Hasil Tes Ankylostoma (+) | AC42: Ibu Hamil Di Obati | AD42: Ibu Hamil Diperiksa IMS | AE42: Ibu Hamil Hasil Tes IMS (+) | AF42: Ibu Hamil Diobati | AG42: Ibu Hamil Diperiksa Hepatitis B | AH42: Ibu Hamil Hasil Tes Hepatitis B (+) | AI42: Ibu Hamil Di Obati
R43: Persalinan Pervaginam | S43: Persalinan Perabdominam (SC)
A44: 1 | B44: 2 | C44: 3 | D44: 4 | E44: 5 | F44: 6 | G44: 7 | H44: 8 | I44: 9 | J44: 10 | K44: 11 | L44: 12 | M44: 13 | N44: 14 | O44: 15 | P44: 16 | Q44: 17 | R44: 18 | S44: 19 | T44: 20 | U44: 21 | V44: 22 | W44: 23 | X44: 24 | Y44: 25 | Z44: 26 | AA44: 27 | AB44: 28 | AC44: 29 | AD44: 30 | AE44: 31 | AF44: 32 | AG44: 33 | AH44: 34 | AI44: 35 | AJ44: 36 | AK44: 37 | AL44: 38 | AM44: 39 | AN44: 40
A45: 1 | B45: =PETUNJUK!B9 -> Pecangaan Kulon | C45: ='1.DATA KIA'!F43 -> 8 | D45: 1 | F45: ='1.DATA KIA'!J43 -> 7 | G45: 1 | I45: =C45 -> 8 | J45: 0 | K45: =F45 -> 7 | L45: 1 | M45: =C45 -> 8 | Q45: =M45 -> 8 | AD45: =Q45 -> 8 | AG45: =AD45 -> 8
A46: 2 | B46: =PETUNJUK!B10 -> Rengging | C46: ='1.DATA KIA'!F44 -> 6 | D46: 1 | F46: ='1.DATA KIA'!J44 -> 4 | I46: =C46 -> 6 | J46: 3 | K46: =F46 -> 4 | M46: =C46 -> 6 | N46: 1 | Q46: =M46 -> 6 | AD46: =Q46 -> 6 | AG46: =AD46 -> 6 | AH46: 1
A47: 3 | B47: =PETUNJUK!B11 -> Troso | C47: ='1.DATA KIA'!F45 -> 17 | D47: 1 | F47: ='1.DATA KIA'!J45 -> 13 | G47: 4 | I47: =C47 -> 17 | J47: 3 | K47: =F47 -> 13 | L47: 1 | M47: =C47 -> 17 | N47: 3 | Q47: =M47 -> 17 | AD47: =Q47 -> 17 | AG47: =AD47 -> 17
A48: 4 | B48: =PETUNJUK!B12 -> Ngeling | C48: ='1.DATA KIA'!F46 -> 4 | D48: 1 | E48: 1 | F48: ='1.DATA KIA'!J46 -> 6 | G48: 1 | I48: =C48 -> 4 | J48: 2 | K48: =F48 -> 6 | M48: =C48 -> 4 | Q48: =M48 -> 4 | AD48: =Q48 -> 4 | AG48: =AD48 -> 4
A49: 5 | B49: =PETUNJUK!B13 -> Lebuawu | C49: ='1.DATA KIA'!F47 -> 11 | F49: ='1.DATA KIA'!J47 -> 5 | I49: =C49 -> 11 | J49: 2 | K49: =F49 -> 5 | M49: =C49 -> 11 | Q49: =M49 -> 11 | AD49: =Q49 -> 11 | AG49: =AD49 -> 11
A50: 6 | B50: =PETUNJUK!B14 -> Pulodarat | C50: ='1.DATA KIA'!F48 -> 4 | D50: 1 | F50: ='1.DATA KIA'!J48 -> 5 | G50: 2 | I50: =C50 -> 4 | J50: 0 | K50: =F50 -> 5 | L50: 1 | M50: =C50 -> 4 | Q50: =M50 -> 4 | AD50: =Q50 -> 4 | AG50: =AD50 -> 4
A51: 7 | B51: =PETUNJUK!B15 -> Karangrandu | C51: ='1.DATA KIA'!F49 -> 8 | D51: 1 | F51: ='1.DATA KIA'!J49 -> 8 | G51: 1 | I51: =C51 -> 8 | J51: 1 | K51: =F51 -> 8 | M51: =C51 -> 8 | N51: 1 | Q51: =M51 -> 8 | AD51: =Q51 -> 8 | AG51: =AD51 -> 8
A52: 8 | B52: =PETUNJUK!B16 -> Kaliombo | C52: ='1.DATA KIA'!F50 -> 5 | F52: ='1.DATA KIA'!J50 -> 5 | I52: =C52 -> 5 | J52: 0 | K52: =F52 -> 5 | M52: =C52 -> 5 | N52: 1 | Q52: =M52 -> 5 | AD52: =Q52 -> 5 | AG52: =AD52 -> 5
A53: 9 | B53: =PETUNJUK!B17 -> Gemulung | C53: ='1.DATA KIA'!F51 -> 5 | D53: 1 | F53: ='1.DATA KIA'!J51 -> 4 | I53: =C53 -> 5 | J53: 0 | K53: =F53 -> 4 | M53: =C53 -> 5 | Q53: =M53 -> 5 | AD53: =Q53 -> 5 | AG53: =AD53 -> 5
A54: 10 | B54: =PETUNJUK!B18 -> Pecangaan Wetan | C54: ='1.DATA KIA'!F52 -> 6 | F54: ='1.DATA KIA'!J52 -> 4 | G54: 1 | I54: =C54 -> 6 | J54: 1 | K54: =F54 -> 4 | M54: =C54 -> 6 | Q54: =M54 -> 6 | AD54: =Q54 -> 6 | AG54: =AD54 -> 6
A55: 11 | B55: =PETUNJUK!B19 -> Krasak | C55: ='1.DATA KIA'!F53 -> 10 | D55: 2 | F55: ='1.DATA KIA'!J53 -> 7 | I55: =C55 -> 10 | J55: 1 | K55: =F55 -> 7 | M55: =C55 -> 10 | Q55: =M55 -> 10 | AD55: =Q55 -> 10 | AG55: =AD55 -> 10 | AH55: 1 | AI55: 1
A56: 12 | B56: =PETUNJUK!B20 -> Gerdu | C56: ='1.DATA KIA'!F54 -> 1 | F56: ='1.DATA KIA'!J54 -> 2 | I56: =C56 -> 1 | J56: 0 | K56: =F56 -> 2 | M56: =C56 -> 1 | Q56: =M56 -> 1 | AD56: =Q56 -> 1 | AG56: =AD56 -> 1
A57: 13 | B57: =PETUNJUK!B21 -> 0
A58: 14 | B58: =PETUNJUK!B22 -> 0
A59: 15 | B59: =PETUNJUK!B23 -> 0
A60: 16 | B60: =PETUNJUK!B24 -> 0
A61: 17 | B61: =PETUNJUK!B25 -> 0
A62: 18 | B62: =PETUNJUK!B26 -> 0
A63: 19 | B63: =PETUNJUK!B27 -> 0
A64: 20 | B64: =PETUNJUK!B28 -> 0
A65: 21 | B65: =PETUNJUK!B29 -> 0
A66: 22 | B66: =PETUNJUK!B30 -> 0
B67: TOTAL | C67: =SUM(C45:C66) -> 85 | D67: =SUM(D45:D66) -> 9 | E67: =SUM(E45:E66) -> 1 | F67: =SUM(F45:F66) -> 70 | G67: =SUM(G45:G66) -> 10 | H67: =SUM(H45:H66) -> 0 | I67: =SUM(I45:I66) -> 85 | J67: =SUM(J45:J66) -> 13 | ... AN67: =SUM(AN45:AN66) -> 0
A71: Puskesmas | C71: : | D71: =D2 -> PECANGAAN
A72: Bulan | C72: : | D72: MARET
A75: No | B75: Desa | C75: Hb TM 1 | F75: Hb TM 3 | I75: KEK | K75: Protein Urin | M75: Gula Darah (GD) | O75: Integrasi Program | X75: Integrasi Program | AJ75: Pelaksanaan Kelas Ibu Hamil
C76: Diperiksa Hb | D76: Anemia (8-11 mg/dl) | E76: <8 mg | F76: Diperiksa Hb | G76: Anemia (8-11 mg/dl) | H76: <8 mg | I76: Diperiksa LILA | J76: KEK (LILA<23,5 cm) | K76: Di periksa | L76: Positif (+) | M76: Di periksa | N76: GD >140g/dl | O76: Pencegahan Penularan HIV dari Ibu ke Anak (PPIA) | T76: Pencegahan Malaria dalam Kehamilan (PMDK) | X76: TB Dalam Kehamilan | AA76: Kecacingan Dalam Kehamilan | AD76: Pencegahan IMS Dalam kehamilan | AG76: Pencegahan Hepatitis Dalam kehamilan | AJ76: Desa Yang Melaksanakan Kelas Bumil | AK76: Jml Kelas Bumil yang terbentuk | AL76: Jml Bumil yang mengikuti kelas Bumil | AM76: Jml suami/ keluarga yang mengikuti kelas bumil | AN76: Jumlah ibu hamil mengikuti kelas ibu minimal 4 kali
O77: Ibu Hamil datang dgn HIV (+) | P77: Ibu Hamil ditawarkan Tes HIV | Q77: Ibu Hamil Di Tes HIV | R77: Ibu Hamil HIV (+) | T77: Ibu Hamil Mendapatkan kelambu | U77: Ibu Hamil Diperiksa Microskopis/RDT | V77: Ibu Hamil Malaria (+) | W77: Ibu Hamil Mendapatkan Kina/ACT | X77: Ibu Hamil Diperiksa Dahak | Y77: Ibu Hamil Hasil Dahak TB (+) | Z77: Obat** | AA77: Ibu Hamil Diperiksa Ankylostoma | AB77: Ibu Hamil Hasil Tes Ankylostoma (+) | AC77: Ibu Hamil Di Obati | AD77: Ibu Hamil Diperiksa IMS | AE77: Ibu Hamil Hasil Tes IMS (+) | AF77: Ibu Hamil Diobati | AG77: Ibu Hamil Diperiksa Hepatitis B | AH77: Ibu Hamil Hasil Tes Hepatitis B (+) | AI77: Ibu Hamil Di Obati
R78: Persalinan Pervaginam | S78: Persalinan Perabdominam (SC)
A79: 1 | B79: 2 | C79: 3 | D79: 4 | E79: 5 | F79: 6 | G79: 7 | H79: 8 | I79: 9 | J79: 10 | K79: 11 | L79: 12 | M79: 13 | N79: 14 | O79: 15 | P79: 16 | Q79: 17 | R79: 18 | S79: 19 | T79: 20 | U79: 21 | V79: 22 | W79: 23 | X79: 24 | Y79: 25 | Z79: 26 | AA79: 27 | AB79: 28 | AC79: 29 | AD79: 30 | AE79: 31 | AF79: 32 | AG79: 33 | AH79: 34 | AI79: 35 | AJ79: 36 | AK79: 37 | AL79: 38 | AM79: 39 | AN79: 40
A80: 1 | B80: =PETUNJUK!B9 -> Pecangaan Kulon | C80: ='1.DATA KIA'!F77 -> 7 | D80: 0 | E80: 0 | F80: ='1.DATA KIA'!J77 -> 8 | G80: 1 | H80: 0 | I80: =C80 -> 7 | J80: 1 | K80: =F80 -> 8 | L80: 2 | M80: =C80 -> 7 | N80: 2 | O80: 0 | P80: 0 | Q80: =C80 -> 7 | R80: 0 | S80: 0 | T80: 0 | U80: 0 | V80: 0 | W80: 0 | X80: 0 | Y80: 0 | Z80: 0 | AA80: 0 | AB80: 0 | AC80: 0 | AD80: =Q80 -> 7 | AE80: 0 | AF80: 0 | AG80: =AD80 -> 7 | AH80: 1 | AI80: 0 | AJ80: 0 | AK80: 0 | AL80: 0 | AM80: 0 | AN80: 0
A81: 2 | B81: =PETUNJUK!B10 -> Rengging | C81: ='1.DATA KIA'!F78 -> 6 | D81: 3 | E81: 0 | F81: ='1.DATA KIA'!J78 -> 3 | G81: 5 | H81: 0 | I81: =C81 -> 6 | J81: 0 | K81: =F81 -> 3 | L81: 0 | M81: =C81 -> 6 | N81: 2 | O81: 0 | P81: 0 | Q81: =C81 -> 6 | R81: 0 | S81: 0 | T81: 0 | U81: 0 | V81: 0 | W81: 0 | X81: 0 | Y81: 0 | Z81: 0 | AA81: 0 | AB81: 0 | AC81: 0 | AD81: =Q81 -> 6 | AE81: 0 | AF81: 0 | AG81: =AD81 -> 6 | AH81: 0 | AI81: 0 | AJ81: 0 | AK81: 0 | AL81: 0 | AM81: 0 | AN81: 0
A82: 3 | B82: =PETUNJUK!B11 -> Troso | C82: ='1.DATA KIA'!F79 -> 17 | D82: 1 | E82: 0 | F82: ='1.DATA KIA'!J79 -> 17 | G82: 3 | H82: 0 | I82: =C82 -> 17 | J82: 2 | K82: =F82 -> 17 | L82: 1 | M82: =C82 -> 17 | N82: 4 | O82: 0 | P82: 0 | Q82: =C82 -> 17 | R82: 0 | S82: 0 | T82: 0 | U82: 0 | V82: 0 | W82: 0 | X82: 0 | Y82: 0 | Z82: 0 | AA82: 0 | AB82: 0 | AC82: 0 | AD82: =Q82 -> 17 | AE82: 0 | AF82: 0 | AG82: =AD82 -> 17 | AH82: 1 | AI82: 0 | AJ82: 0 | AK82: 0 | AL82: 0 | AM82: 0 | AN82: 0
A83: 4 | B83: =PETUNJUK!B12 -> Ngeling | C83: ='1.DATA KIA'!F80 -> 10 | D83: 3 | E83: 0 | F83: ='1.DATA KIA'!J80 -> 7 | G83: 2 | H83: 0 | I83: =C83 -> 10 | J83: 0 | K83: =F83 -> 7 | L83: 1 | M83: =C83 -> 10 | N83: 2 | O83: 0 | P83: 0 | Q83: =C83 -> 10 | R83: 0 | S83: 0 | T83: 0 | U83: 0 | V83: 0 | W83: 0 | X83: 0 | Y83: 0 | Z83: 0 | AA83: 0 | AB83: 0 | AC83: 0 | AD83: =Q83 -> 10 | AE83: 0 | AF83: 0 | AG83: =AD83 -> 10 | AH83: 0 | AI83: 0 | AJ83: 0 | AK83: 0 | AL83: 0 | AM83: 0 | AN83: 0
A84: 5 | B84: =PETUNJUK!B13 -> Lebuawu | C84: ='1.DATA KIA'!F81 -> 5 | D84: 0 | E84: 0 | F84: ='1.DATA KIA'!J81 -> 6 | G84: 0 | H84: 0 | I84: =C84 -> 5 | J84: 0 | K84: =F84 -> 6 | L84: 1 | M84: =C84 -> 5 | N84: 1 | O84: 0 | P84: 0 | Q84: =C84 -> 5 | R84: 0 | S84: 0 | T84: 0 | U84: 0 | V84: 0 | W84: 0 | X84: 0 | Y84: 0 | Z84: 0 | AA84: 0 | AB84: 0 | AC84: 0 | AD84: =Q84 -> 5 | AE84: 0 | AF84: 0 | AG84: =AD84 -> 5 | AH84: 0 | AI84: 0 | AJ84: 0 | AK84: 0 | AL84: 0 | AM84: 0 | AN84: 0
A85: 6 | B85: =PETUNJUK!B14 -> Pulodarat | C85: ='1.DATA KIA'!F82 -> 5 | D85: 0 | E85: 0 | F85: ='1.DATA KIA'!J82 -> 4 | G85: 0 | H85: 0 | I85: =C85 -> 5 | J85: 0 | K85: =F85 -> 4 | L85: 1 | M85: =C85 -> 5 | N85: 0 | O85: 0 | P85: 0 | Q85: =C85 -> 5 | R85: 0 | S85: 0 | T85: 0 | U85: 0 | V85: 0 | W85: 0 | X85: 0 | Y85: 0 | Z85: 0 | AA85: 0 | AB85: 0 | AC85: 0 | AD85: =Q85 -> 5 | AE85: 0 | AF85: 0 | AG85: =AD85 -> 5 | AH85: 0 | AI85: 0 | AJ85: 0 | AK85: 0 | AL85: 0 | AM85: 0 | AN85: 0
A86: 7 | B86: =PETUNJUK!B15 -> Karangrandu | C86: ='1.DATA KIA'!F83 -> 7 | D86: 1 | E86: 0 | F86: ='1.DATA KIA'!J83 -> 5 | G86: 2 | H86: 0 | I86: =C86 -> 7 | J86: 1 | K86: =F86 -> 5 | L86: 0 | M86: =C86 -> 7 | N86: 1 | O86: 0 | P86: 0 | Q86: =C86 -> 7 | R86: 0 | S86: 0 | T86: 0 | U86: 0 | V86: 0 | W86: 0 | X86: 0 | Y86: 0 | Z86: 0 | AA86: 0 | AB86: 0 | AC86: 0 | AD86: =Q86 -> 7 | AE86: 0 | AF86: 0 | AG86: =AD86 -> 7 | AH86: 0 | AI86: 0 | AJ86: 0 | AK86: 0 | AL86: 0 | AM86: 0 | AN86: 0
A87: 8 | B87: =PETUNJUK!B16 -> Kaliombo | C87: ='1.DATA KIA'!F84 -> 2 | D87: 0 | E87: 0 | F87: ='1.DATA KIA'!J84 -> 2 | G87: 0 | H87: 0 | I87: =C87 -> 2 | J87: 0 | K87: =F87 -> 2 | L87: 0 | M87: =C87 -> 2 | N87: 1 | O87: 0 | P87: 0 | Q87: =C87 -> 2 | R87: 0 | S87: 0 | T87: 0 | U87: 0 | V87: 0 | W87: 0 | X87: 0 | Y87: 0 | Z87: 0 | AA87: 0 | AB87: 0 | AC87: 0 | AD87: =Q87 -> 2 | AE87: 0 | AF87: 0 | AG87: =AD87 -> 2 | AH87: 0 | AI87: 0 | AJ87: 0 | AK87: 0 | AL87: 0 | AM87: 0 | AN87: 0
A88: 9 | B88: =PETUNJUK!B17 -> Gemulung | C88: ='1.DATA KIA'!F85 -> 5 | D88: 0 | E88: 0 | F88: ='1.DATA KIA'!J85 -> 5 | G88: 0 | H88: 0 | I88: =C88 -> 5 | J88: 0 | K88: =F88 -> 5 | L88: 0 | M88: =C88 -> 5 | N88: 0 | O88: 0 | P88: 0 | Q88: =C88 -> 5 | R88: 0 | S88: 0 | T88: 0 | U88: 0 | V88: 0 | W88: 0 | X88: 0 | Y88: 0 | Z88: 0 | AA88: 0 | AB88: 0 | AC88: 0 | AD88: =Q88 -> 5 | AE88: 0 | AF88: 0 | AG88: =AD88 -> 5 | AH88: 0 | AI88: 0 | AJ88: 0 | AK88: 0 | AL88: 0 | AM88: 0 | AN88: 0
A89: 10 | B89: =PETUNJUK!B18 -> Pecangaan Wetan | C89: ='1.DATA KIA'!F86 -> 2 | D89: 0 | E89: 0 | F89: ='1.DATA KIA'!J86 -> 3 | G89: 0 | H89: 0 | I89: =C89 -> 2 | J89: 2 | K89: =F89 -> 3 | L89: 0 | M89: =C89 -> 2 | N89: 1 | O89: 0 | P89: 0 | Q89: =C89 -> 2 | R89: 0 | S89: 0 | T89: 0 | U89: 0 | V89: 0 | W89: 0 | X89: 0 | Y89: 0 | Z89: 0 | AA89: 0 | AB89: 0 | AC89: 0 | AD89: =Q89 -> 2 | AE89: 0 | AF89: 0 | AG89: =AD89 -> 2 | AH89: 0 | AI89: 0 | AJ89: 0 | AK89: 0 | AL89: 0 | AM89: 0 | AN89: 0
A90: 11 | B90: =PETUNJUK!B19 -> Krasak | C90: ='1.DATA KIA'!F87 -> 9 | D90: 1 | E90: 0 | F90: ='1.DATA KIA'!J87 -> 5 | G90: 0 | H90: 0 | I90: =C90 -> 9 | J90: 0 | K90: =F90 -> 5 | L90: 0 | M90: =C90 -> 9 | N90: 0 | O90: 0 | P90: 0 | Q90: =C90 -> 9 | R90: 0 | S90: 0 | T90: 0 | U90: 0 | V90: 0 | W90: 0 | X90: 0 | Y90: 0 | Z90: 0 | AA90: 0 | AB90: 0 | AC90: 0 | AD90: =Q90 -> 9 | AE90: 0 | AF90: 0 | AG90: =AD90 -> 9 | AH90: 0 | AI90: 0 | AJ90: 0 | AK90: 0 | AL90: 0 | AM90: 0 | AN90: 0
A91: 12 | B91: =PETUNJUK!B20 -> Gerdu | C91: ='1.DATA KIA'!F88 -> 3 | D91: 0 | E91: 0 | F91: ='1.DATA KIA'!J88 -> 0 | G91: 0 | H91: 0 | I91: =C91 -> 3 | J91: 1 | K91: =F91 -> 0 | L91: 0 | M91: =C91 -> 3 | N91: 0 | O91: 0 | P91: 0 | Q91: =C91 -> 3 | R91: 0 | S91: 0 | T91: 0 | U91: 0 | V91: 0 | W91: 0 | X91: 0 | Y91: 0 | Z91: 0 | AA91: 0 | AB91: 0 | AC91: 0 | AD91: =Q91 -> 3 | AE91: 0 | AF91: 0 | AG91: =AD91 -> 3 | AH91: 0 | AI91: 0 | AJ91: 0 | AK91: 0 | AL91: 0 | AM91: 0 | AN91: 0
A92: 13
A93: 14
A94: 15
A95: 16
A96: 17
A97: 18
A98: 19
A99: 20
A100: 21
A101: 22
B102: TOTAL | C102: =SUM(C80:C101) -> 78 | D102: =SUM(D80:D101) -> 9 | E102: =SUM(E80:E101) -> 0 | F102: =SUM(F80:F101) -> 65 | G102: =SUM(G80:G101) -> 13 | H102: =SUM(H80:H101) -> 0 | I102: =SUM(I80:I101) -> 78 | J102: =SUM(J80:J101) -> 7 | ... AN102: =SUM(AN80:AN101) -> 0
A106: Puskesmas | C106: : | D106: =D2 -> PECANGAAN
A107: Bulan | C107: : | D107: APRIL
A110: No | B110: Desa | C110: Hb TM 1 | F110: Hb TM 3 | I110: KEK | K110: Protein Urin | M110: Gula Darah (GD) | O110: Integrasi Program | X110: Integrasi Program | AJ110: Pelaksanaan Kelas Ibu Hamil
C111: Diperiksa Hb | D111: Anemia (8-11 mg/dl) | E111: <8 mg | F111: Diperiksa Hb | G111: Anemia (8-11 mg/dl) | H111: <8 mg | I111: Diperiksa LILA | J111: KEK (LILA<23,5 cm) | K111: Di periksa | L111: Positif (+) | M111: Di periksa | N111: GD >140g/dl | O111: Pencegahan Penularan HIV dari Ibu ke Anak (PPIA) | T111: Pencegahan Malaria dalam Kehamilan (PMDK) | X111: TB Dalam Kehamilan | AA111: Kecacingan Dalam Kehamilan | AD111: Pencegahan IMS Dalam kehamilan | AG111: Pencegahan Hepatitis Dalam kehamilan | AJ111: Desa Yang Melaksanakan Kelas Bumil | AK111: Jml Kelas Bumil yang terbentuk | AL111: Jml Bumil yang mengikuti kelas Bumil | AM111: Jml suami/ keluarga yang mengikuti kelas bumil | AN111: Jumlah ibu hamil mengikuti kelas ibu minimal 4 kali
O112: Ibu Hamil datang dgn HIV (+) | P112: Ibu Hamil ditawarkan Tes HIV | Q112: Ibu Hamil Di Tes HIV | R112: Ibu Hamil HIV (+) | T112: Ibu Hamil Mendapatkan kelambu | U112: Ibu Hamil Diperiksa Microskopis/RDT | V112: Ibu Hamil Malaria (+) | W112: Ibu Hamil Mendapatkan Kina/ACT | X112: Ibu Hamil Diperiksa Dahak | Y112: Ibu Hamil Hasil Dahak TB (+) | Z112: Obat** | AA112: Ibu Hamil Diperiksa Ankylostoma | AB112: Ibu Hamil Hasil Tes Ankylostoma (+) | AC112: Ibu Hamil Di Obati | AD112: Ibu Hamil Diperiksa IMS | AE112: Ibu Hamil Hasil Tes IMS (+) | AF112: Ibu Hamil Diobati | AG112: Ibu Hamil Diperiksa Hepatitis B | AH112: Ibu Hamil Hasil Tes Hepatitis B (+) | AI112: Ibu Hamil Di Obati
R113: Persalinan Pervaginam | S113: Persalinan Perabdominam (SC)
A114: 1 | B114: 2 | C114: 3 | D114: 4 | E114: 5 | F114: 6 | G114: 7 | H114: 8 | I114: 9 | J114: 10 | K114: 11 | L114: 12 | M114: 13 | N114: 14 | O114: 15 | P114: 16 | Q114: 17 | R114: 18 | S114: 19 | T114: 20 | U114: 21 | V114: 22 | W114: 23 | X114: 24 | Y114: 25 | Z114: 26 | AA114: 27 | AB114: 28 | AC114: 29 | AD114: 30 | AE114: 31 | AF114: 32 | AG114: 33 | AH114: 34 | AI114: 35 | AJ114: 36 | AK114: 37 | AL114: 38 | AM114: 39 | AN114: 40
A115: 1 | B115: =PETUNJUK!B9 -> Pecangaan Kulon | C115: ='1.DATA KIA'!F111 -> 8 | F115: ='1.DATA KIA'!J111 -> 7 | G115: 2 | I115: =C115 -> 8 | J115: 0 | K115: =F115 -> 7 | L115: 1 | M115: =I115 -> 8 | N115: 4 | Q115: =C115 -> 8 | AD115: =C115 -> 8 | AH115: =AD115 -> 8
A116: 2 | B116: =PETUNJUK!B10 -> Rengging | C116: ='1.DATA KIA'!F112 -> 19 | F116: ='1.DATA KIA'!J112 -> 5 | G116: 2 | I116: =C116 -> 19 | J116: 2 | K116: =F116 -> 5 | M116: =I116 -> 19 | Q116: =C116 -> 19 | AD116: =C116 -> 19 | AH116: =AD116 -> 19
A117: 3 | B117: =PETUNJUK!B11 -> Troso | C117: ='1.DATA KIA'!F113 -> 26 | F117: ='1.DATA KIA'!J113 -> 19 | G117: 2 | H117: 1 | I117: =C117 -> 26 | J117: 3 | K117: =F117 -> 19 | L117: 2 | M117: =I117 -> 26 | N117: 2 | Q117: =C117 -> 26 | AD117: =C117 -> 26 | AH117: =AD117 -> 26
...

Sheet 9.PONED KAB
A1: LAPORAN KEGIATAN PONED
A2: KABUPATEN | B2: JEPARA | AB2: JEPARA
A3: BULAN | B3: JANUARI | AB3: JANUARI
